transaction_id,account_id,amount,transaction_type,method,timestamp,counterparty_account,counterparty_country,status
TXN_50183,ACC_1010,717.0,DEPOSIT,ACH,2026-08-01 02:00:00,,US,COMPLETED
TXN_50326,ACC_1020,1222.71,DEPOSIT,ACH,2026-08-01 02:00:00,,US,COMPLETED
TXN_50393,ACC_1024,3317.23,WITHDRAWAL,CHECK,2026-08-01 04:00:00,,US,COMPLETED
TXN_50614,ACC_1036,1297.41,WITHDRAWAL,CHECK,2026-08-01 04:00:00,,US,COMPLETED
TXN_50803,ACC_1048,2772.02,TRANSFER_OUT,WIRE,2026-08-01 05:00:00,ACC_1012,CH,COMPLETED
TXN_50824,ACC_1049,725.58,DEPOSIT,WIRE,2026-08-01 05:00:00,,US,COMPLETED
TXN_50842,ACC_1050,2980.75,TRANSFER_IN,WIRE,2026-08-01 05:00:00,ACC_1040,CH,COMPLETED
TXN_50705,ACC_1041,4376.05,WITHDRAWAL,CASH,2026-08-01 06:00:00,,US,COMPLETED
TXN_50195,ACC_1011,797.28,DEPOSIT,WIRE,2026-08-01 07:00:00,,US,COMPLETED
TXN_50521,ACC_1031,691.68,DEPOSIT,CASH,2026-08-01 07:00:00,,US,COMPLETED
TXN_50631,ACC_1037,693.08,DEPOSIT,WIRE,2026-08-01 07:00:00,,US,COMPLETED
TXN_50667,ACC_1039,4026.54,WITHDRAWAL,CASH,2026-08-01 07:00:00,,US,COMPLETED
TXN_50159,ACC_1009,3852.42,TRANSFER_IN,CHECK,2026-08-01 08:00:00,ACC_1004,DE,COMPLETED
TXN_50282,ACC_1017,4237.86,TRANSFER_IN,WIRE,2026-08-01 08:00:00,ACC_1045,KY,COMPLETED
TXN_50316,ACC_1019,943.25,DEPOSIT,CASH,2026-08-01 08:00:00,,US,COMPLETED
TXN_50715,ACC_1043,22185.18,TRANSFER_OUT,WIRE,2026-08-01 08:00:00,ACC_1024,US,COMPLETED
TXN_50268,ACC_1016,3279.24,TRANSFER_IN,ACH,2026-08-01 09:00:00,ACC_1026,US,COMPLETED
TXN_50148,ACC_1008,16743.2,WITHDRAWAL,ACH,2026-08-01 10:00:00,,US,COMPLETED
TXN_50649,ACC_1038,2607.88,TRANSFER_OUT,WIRE,2026-08-01 10:00:00,ACC_1043,US,COMPLETED
TXN_50449,ACC_1027,1841.18,WITHDRAWAL,CASH,2026-08-01 11:00:00,,US,COMPLETED
TXN_50473,ACC_1028,1371.91,WITHDRAWAL,CASH,2026-08-01 11:00:00,,US,COMPLETED
TXN_50598,ACC_1035,2322.25,WITHDRAWAL,ACH,2026-08-01 11:00:00,,US,COMPLETED
TXN_50688,ACC_1040,1439.61,TRANSFER_IN,WIRE,2026-08-01 11:00:00,ACC_1018,KY,COMPLETED
TXN_50772,ACC_1046,3781.06,DEPOSIT,CHECK,2026-08-01 11:00:00,,US,COMPLETED
TXN_50342,ACC_1021,1217.61,TRANSFER_IN,WIRE,2026-08-01 12:00:00,ACC_1030,CH,COMPLETED
TXN_50416,ACC_1025,4335.35,WITHDRAWAL,WIRE,2026-08-01 12:00:00,,US,COMPLETED
TXN_50737,ACC_1044,4328.2,TRANSFER_OUT,ACH,2026-08-01 12:00:00,ACC_1047,US,COMPLETED
TXN_50234,ACC_1014,1538.88,TRANSFER_OUT,CHECK,2026-08-01 13:00:00,ACC_1034,CA,COMPLETED
TXN_50301,ACC_1018,3093.61,TRANSFER_IN,ACH,2026-08-01 13:00:00,ACC_1041,CA,COMPLETED
TXN_50438,ACC_1026,328.79,TRANSFER_IN,CHECK,2026-08-01 13:00:00,ACC_1021,US,COMPLETED
TXN_50112,ACC_1006,534.2,WITHDRAWAL,CHECK,2026-08-01 14:00:00,,US,COMPLETED
TXN_50213,ACC_1012,1652.06,TRANSFER_OUT,CHECK,2026-08-01 14:00:00,ACC_1049,KY,COMPLETED
TXN_50360,ACC_1022,1362.89,TRANSFER_IN,CHECK,2026-08-01 14:00:00,ACC_1016,SG,COMPLETED
TXN_50486,ACC_1029,3143.44,TRANSFER_IN,CHECK,2026-08-01 14:00:00,ACC_1020,US,COMPLETED
TXN_50020,ACC_1001,4050.27,WITHDRAWAL,WIRE,2026-08-01 15:00:00,,US,COMPLETED
TXN_50065,ACC_1003,1876.7,WITHDRAWAL,CASH,2026-08-01 15:00:00,,US,COMPLETED
TXN_50787,ACC_1047,424.0,WITHDRAWAL,ACH,2026-08-01 15:00:00,,US,COMPLETED
TXN_50258,ACC_1015,4002.71,TRANSFER_IN,WIRE,2026-08-01 16:00:00,ACC_1016,SG,COMPLETED
TXN_50128,ACC_1007,21438.66,TRANSFER_OUT,WIRE,2026-08-01 17:00:00,ACC_1029,PA,COMPLETED
TXN_50041,ACC_1002,3171.86,DEPOSIT,CHECK,2026-08-01 18:00:00,,US,COMPLETED
TXN_50378,ACC_1023,737.41,TRANSFER_OUT,WIRE,2026-08-01 18:00:00,ACC_1026,SG,COMPLETED
TXN_50502,ACC_1030,3963.01,TRANSFER_IN,WIRE,2026-08-01 18:00:00,ACC_1042,KY,COMPLETED
TXN_50556,ACC_1033,2182.38,TRANSFER_OUT,WIRE,2026-08-01 19:00:00,ACC_1040,DE,COMPLETED
TXN_50755,ACC_1045,4171.75,TRANSFER_IN,ACH,2026-08-01 20:00:00,ACC_1022,US,COMPLETED
TXN_50224,ACC_1013,2328.88,WITHDRAWAL,CHECK,2026-08-01 21:00:00,,US,COMPLETED
TXN_50579,ACC_1034,1566.92,WITHDRAWAL,CHECK,2026-08-01 22:00:00,,US,COMPLETED
TXN_50077,ACC_1004,759.4,WITHDRAWAL,ACH,2026-08-02 00:00:00,,US,COMPLETED
TXN_50099,ACC_1005,882.78,WITHDRAWAL,WIRE,2026-08-02 00:00:00,,US,COMPLETED
TXN_50540,ACC_1032,118.17,DEPOSIT,CHECK,2026-08-02 00:00:00,,US,COMPLETED
TXN_50716,ACC_1043,2259.64,TRANSFER_IN,ACH,2026-08-02 11:00:00,ACC_1004,GB,COMPLETED
TXN_50327,ACC_1020,3264.89,TRANSFER_OUT,WIRE,2026-08-02 12:00:00,ACC_1022,CA,COMPLETED
TXN_50394,ACC_1024,1197.41,DEPOSIT,CASH,2026-08-02 12:00:00,,US,COMPLETED
TXN_50487,ACC_1029,1780.2,TRANSFER_OUT,WIRE,2026-08-02 15:00:00,ACC_1004,GB,COMPLETED
TXN_50113,ACC_1006,287.18,TRANSFER_IN,WIRE,2026-08-02 16:00:00,ACC_1008,KY,COMPLETED
TXN_50788,ACC_1047,3183.9,DEPOSIT,CASH,2026-08-02 17:00:00,,US,COMPLETED
TXN_50804,ACC_1048,1321.39,DEPOSIT,ACH,2026-08-02 17:00:00,,US,COMPLETED
TXN_50021,ACC_1001,114.23,WITHDRAWAL,ACH,2026-08-02 21:00:00,,US,COMPLETED
TXN_50379,ACC_1023,2889.35,DEPOSIT,WIRE,2026-08-02 21:00:00,,US,COMPLETED
TXN_50214,ACC_1012,1091.47,TRANSFER_OUT,WIRE,2026-08-02 23:00:00,ACC_1024,SG,COMPLETED
TXN_50343,ACC_1021,1031.84,DEPOSIT,ACH,2026-08-03 00:00:00,,US,COMPLETED
TXN_50235,ACC_1014,1921.76,WITHDRAWAL,CHECK,2026-08-03 01:00:00,,US,COMPLETED
TXN_50843,ACC_1050,941.36,TRANSFER_IN,CHECK,2026-08-03 09:00:00,ACC_1028,GB,COMPLETED
TXN_50184,ACC_1010,2985.49,TRANSFER_OUT,WIRE,2026-08-03 10:00:00,ACC_1018,US,COMPLETED
TXN_50100,ACC_1005,2189.21,TRANSFER_IN,ACH,2026-08-03 12:00:00,ACC_1013,CA,COMPLETED
TXN_50160,ACC_1009,4357.57,TRANSFER_OUT,ACH,2026-08-03 12:00:00,ACC_1043,US,COMPLETED
TXN_50615,ACC_1036,1490.99,WITHDRAWAL,CHECK,2026-08-03 12:00:00,,US,COMPLETED
TXN_50632,ACC_1037,3246.75,TRANSFER_OUT,WIRE,2026-08-03 13:00:00,ACC_1014,CH,COMPLETED
TXN_50149,ACC_1008,3368.71,WITHDRAWAL,CHECK,2026-08-03 16:00:00,,US,COMPLETED
TXN_50283,ACC_1017,1582.64,TRANSFER_IN,CHECK,2026-08-03 16:00:00,ACC_1008,CH,COMPLETED
TXN_50328,ACC_1020,4218.48,DEPOSIT,CASH,2026-08-03 16:00:00,,US,COMPLETED
TXN_50395,ACC_1024,960.25,TRANSFER_IN,WIRE,2026-08-03 16:00:00,ACC_1011,CH,COMPLETED
TXN_50773,ACC_1046,1379.0,TRANSFER_IN,WIRE,2026-08-03 18:00:00,ACC_1050,US,COMPLETED
TXN_50450,ACC_1027,1207.24,WITHDRAWAL,CHECK,2026-08-03 19:00:00,,US,COMPLETED
TXN_50259,ACC_1015,2051.88,WITHDRAWAL,CASH,2026-08-03 21:00:00,,US,COMPLETED
TXN_50066,ACC_1003,1113.05,DEPOSIT,ACH,2026-08-03 22:00:00,,US,COMPLETED
TXN_50225,ACC_1013,2774.35,TRANSFER_OUT,WIRE,2026-08-03 22:00:00,ACC_1043,SG,COMPLETED
TXN_50488,ACC_1029,412.58,TRANSFER_OUT,WIRE,2026-08-03 22:00:00,ACC_1007,US,COMPLETED
TXN_50738,ACC_1044,93.03,TRANSFER_IN,ACH,2026-08-03 22:00:00,ACC_1020,US,COMPLETED
TXN_50129,ACC_1007,1509.33,TRANSFER_OUT,WIRE,2026-08-03 23:00:00,ACC_1021,US,COMPLETED
TXN_50302,ACC_1018,1009.4,TRANSFER_OUT,WIRE,2026-08-03 23:00:00,ACC_1030,CH,COMPLETED
TXN_50417,ACC_1025,397.43,TRANSFER_IN,ACH,2026-08-03 23:00:00,ACC_1043,CA,COMPLETED
TXN_50689,ACC_1040,2649.4,TRANSFER_OUT,WIRE,2026-08-03 23:00:00,ACC_1012,US,COMPLETED
TXN_50361,ACC_1022,2782.68,WITHDRAWAL,CHECK,2026-08-04 00:00:00,,US,COMPLETED
TXN_50756,ACC_1045,2130.93,WITHDRAWAL,WIRE,2026-08-04 04:00:00,,US,COMPLETED
TXN_50557,ACC_1033,149.1,WITHDRAWAL,CASH,2026-08-04 05:00:00,,US,COMPLETED
TXN_50344,ACC_1021,1719.1,DEPOSIT,ACH,2026-08-04 07:00:00,,US,COMPLETED
TXN_50706,ACC_1041,1062.99,TRANSFER_OUT,WIRE,2026-08-04 07:00:00,ACC_1022,DE,COMPLETED
TXN_50022,ACC_1001,2847.34,DEPOSIT,CHECK,2026-08-04 09:00:00,,US,COMPLETED
TXN_50078,ACC_1004,20355.75,WITHDRAWAL,CASH,2026-08-04 10:00:00,,US,COMPLETED
TXN_50668,ACC_1039,1072.18,TRANSFER_IN,WIRE,2026-08-04 11:00:00,ACC_1015,US,COMPLETED
TXN_50825,ACC_1049,2481.16,TRANSFER_IN,WIRE,2026-08-04 11:00:00,ACC_1011,US,COMPLETED
TXN_50522,ACC_1031,3069.79,TRANSFER_OUT,CHECK,2026-08-04 13:00:00,ACC_1017,DE,COMPLETED
TXN_50599,ACC_1035,964.3,WITHDRAWAL,CASH,2026-08-04 13:00:00,,US,COMPLETED
TXN_50650,ACC_1038,2020.75,WITHDRAWAL,ACH,2026-08-04 14:00:00,,US,COMPLETED
TXN_50196,ACC_1011,2098.51,TRANSFER_OUT,CHECK,2026-08-04 15:00:00,ACC_1041,GB,COMPLETED
TXN_50101,ACC_1005,18943.76,TRANSFER_IN,ACH,2026-08-04 18:00:00,ACC_1004,PA,COMPLETED
TXN_50269,ACC_1016,892.06,DEPOSIT,CASH,2026-08-04 18:00:00,,US,COMPLETED
TXN_50317,ACC_1019,21627.03,TRANSFER_OUT,WIRE,2026-08-04 19:00:00,ACC_1015,PA,COMPLETED
TXN_50474,ACC_1028,2928.33,TRANSFER_IN,WIRE,2026-08-04 19:00:00,ACC_1043,CH,COMPLETED
TXN_50844,ACC_1050,56.37,TRANSFER_OUT,WIRE,2026-08-04 19:00:00,ACC_1019,US,COMPLETED
TXN_50042,ACC_1002,4226.41,DEPOSIT,ACH,2026-08-04 20:00:00,,US,COMPLETED
TXN_50396,ACC_1024,3664.61,TRANSFER_IN,CHECK,2026-08-04 20:00:00,ACC_1039,PA,COMPLETED
TXN_50439,ACC_1026,55.7,TRANSFER_IN,WIRE,2026-08-04 21:00:00,ACC_1030,GB,COMPLETED
TXN_50774,ACC_1046,847.66,TRANSFER_IN,WIRE,2026-08-04 21:00:00,ACC_1039,US,COMPLETED
TXN_50014,ACC_1042,1200.0,DEPOSIT,ACH,2026-08-05 00:00:00,,US,COMPLETED
TXN_50016,ACC_1085,1200.0,DEPOSIT,ACH,2026-08-05 00:00:00,,US,COMPLETED
TXN_50018,ACC_1102,1200.0,DEPOSIT,ACH,2026-08-05 00:00:00,,US,COMPLETED
TXN_50580,ACC_1034,3428.27,TRANSFER_OUT,CHECK,2026-08-05 00:00:00,ACC_1028,US,COMPLETED
TXN_50633,ACC_1037,12560.88,WITHDRAWAL,WIRE,2026-08-05 00:00:00,,US,COMPLETED
TXN_50489,ACC_1029,2879.09,TRANSFER_OUT,ACH,2026-08-05 01:00:00,ACC_1020,DE,COMPLETED
TXN_50236,ACC_1014,378.71,TRANSFER_IN,WIRE,2026-08-05 03:00:00,ACC_1039,DE,COMPLETED
TXN_50329,ACC_1020,2727.72,WITHDRAWAL,CHECK,2026-08-05 04:00:00,,US,COMPLETED
TXN_50503,ACC_1030,2139.25,TRANSFER_OUT,WIRE,2026-08-05 04:00:00,ACC_1040,CH,COMPLETED
TXN_50739,ACC_1044,117.22,TRANSFER_IN,WIRE,2026-08-05 04:00:00,ACC_1007,US,COMPLETED
TXN_50805,ACC_1048,3589.36,WITHDRAWAL,CASH,2026-08-05 04:00:00,,US,COMPLETED
TXN_50226,ACC_1013,4386.45,DEPOSIT,CASH,2026-08-05 07:00:00,,US,COMPLETED
TXN_50362,ACC_1022,1508.33,TRANSFER_IN,WIRE,2026-08-05 07:00:00,ACC_1022,DE,COMPLETED
TXN_50380,ACC_1023,14792.35,TRANSFER_IN,ACH,2026-08-05 07:00:00,ACC_1037,US,COMPLETED
TXN_50418,ACC_1025,2739.03,TRANSFER_OUT,CHECK,2026-08-05 08:00:00,ACC_1042,US,COMPLETED
TXN_50079,ACC_1004,1185.5,TRANSFER_OUT,CHECK,2026-08-05 11:00:00,ACC_1022,DE,COMPLETED
TXN_50541,ACC_1032,3568.73,TRANSFER_IN,ACH,2026-08-05 11:00:00,ACC_1039,US,COMPLETED
TXN_50690,ACC_1040,1071.13,DEPOSIT,WIRE,2026-08-05 11:00:00,,US,COMPLETED
TXN_50717,ACC_1043,3161.95,WITHDRAWAL,CASH,2026-08-05 14:00:00,,US,COMPLETED
TXN_50600,ACC_1035,2429.14,TRANSFER_OUT,ACH,2026-08-05 17:00:00,ACC_1048,SG,COMPLETED
TXN_50023,ACC_1001,1086.26,WITHDRAWAL,WIRE,2026-08-05 18:00:00,,US,COMPLETED
TXN_50616,ACC_1036,775.51,WITHDRAWAL,CASH,2026-08-05 19:00:00,,US,COMPLETED
TXN_50318,ACC_1019,647.81,WITHDRAWAL,CHECK,2026-08-05 20:00:00,,US,COMPLETED
TXN_50114,ACC_1006,3154.81,TRANSFER_OUT,WIRE,2026-08-05 21:00:00,ACC_1006,CH,COMPLETED
TXN_50669,ACC_1039,1615.0,DEPOSIT,ACH,2026-08-05 21:00:00,,US,COMPLETED
TXN_50197,ACC_1011,325.92,TRANSFER_IN,CHECK,2026-08-05 23:00:00,ACC_1038,US,COMPLETED
TXN_50651,ACC_1038,1814.51,DEPOSIT,WIRE,2026-08-05 23:00:00,,US,COMPLETED
TXN_50067,ACC_1003,807.97,TRANSFER_OUT,ACH,2026-08-06 02:00:00,ACC_1036,US,COMPLETED
TXN_50397,ACC_1024,4405.92,TRANSFER_IN,ACH,2026-08-06 02:00:00,ACC_1009,DE,COMPLETED
TXN_50475,ACC_1028,1394.57,WITHDRAWAL,WIRE,2026-08-06 02:00:00,,US,COMPLETED
TXN_50789,ACC_1047,2762.08,TRANSFER_OUT,ACH,2026-08-06 02:00:00,ACC_1050,US,COMPLETED
TXN_50260,ACC_1015,2100.7,WITHDRAWAL,CHECK,2026-08-06 05:00:00,,US,COMPLETED
TXN_50303,ACC_1018,3164.69,WITHDRAWAL,WIRE,2026-08-06 06:00:00,,US,COMPLETED
TXN_50215,ACC_1012,2088.33,TRANSFER_OUT,WIRE,2026-08-06 07:00:00,ACC_1011,US,COMPLETED
TXN_50558,ACC_1033,3996.42,DEPOSIT,CHECK,2026-08-06 07:00:00,,US,COMPLETED
TXN_50775,ACC_1046,136.86,TRANSFER_OUT,WIRE,2026-08-06 08:00:00,ACC_1033,CH,COMPLETED
TXN_50185,ACC_1010,1566.37,TRANSFER_OUT,CHECK,2026-08-06 12:00:00,ACC_1003,US,COMPLETED
TXN_50237,ACC_1014,2008.71,TRANSFER_IN,WIRE,2026-08-06 15:00:00,ACC_1018,SG,COMPLETED
TXN_50707,ACC_1041,4490.88,DEPOSIT,CHECK,2026-08-06 15:00:00,,US,COMPLETED
TXN_50419,ACC_1025,1748.77,DEPOSIT,ACH,2026-08-06 16:00:00,,US,COMPLETED
TXN_50601,ACC_1035,2077.33,DEPOSIT,ACH,2026-08-06 18:00:00,,US,COMPLETED
TXN_50691,ACC_1040,481.48,TRANSFER_OUT,ACH,2026-08-06 18:00:00,ACC_1002,DE,COMPLETED
TXN_50523,ACC_1031,3320.56,WITHDRAWAL,CHECK,2026-08-06 20:00:00,,US,COMPLETED
TXN_50718,ACC_1043,4417.91,TRANSFER_IN,WIRE,2026-08-06 20:00:00,ACC_1047,US,COMPLETED
TXN_50826,ACC_1049,4017.25,DEPOSIT,WIRE,2026-08-06 21:00:00,,US,COMPLETED
TXN_50161,ACC_1009,22228.33,WITHDRAWAL,WIRE,2026-08-06 23:00:00,,US,COMPLETED
TXN_50015,ACC_1042,150.0,WITHDRAWAL,CASH,2026-08-07 00:00:00,,US,COMPLETED
TXN_50017,ACC_1085,150.0,WITHDRAWAL,CASH,2026-08-07 00:00:00,,US,COMPLETED
TXN_50019,ACC_1102,150.0,WITHDRAWAL,CASH,2026-08-07 00:00:00,,US,COMPLETED
TXN_50150,ACC_1008,4112.42,TRANSFER_IN,WIRE,2026-08-07 01:00:00,ACC_1019,GB,COMPLETED
TXN_50284,ACC_1017,1721.03,TRANSFER_IN,WIRE,2026-08-07 01:00:00,ACC_1019,US,COMPLETED
TXN_50130,ACC_1007,2581.65,TRANSFER_OUT,ACH,2026-08-07 03:00:00,ACC_1021,KY,COMPLETED
TXN_50115,ACC_1006,3310.71,DEPOSIT,ACH,2026-08-07 04:00:00,,US,COMPLETED
TXN_50845,ACC_1050,19280.39,TRANSFER_IN,ACH,2026-08-07 04:00:00,ACC_1019,US,COMPLETED
TXN_50806,ACC_1048,1515.39,WITHDRAWAL,ACH,2026-08-07 05:00:00,,US,COMPLETED
TXN_50102,ACC_1005,4249.52,TRANSFER_OUT,ACH,2026-08-07 06:00:00,ACC_1001,CH,COMPLETED
TXN_50398,ACC_1024,3904.37,WITHDRAWAL,WIRE,2026-08-07 07:00:00,,US,COMPLETED
TXN_50451,ACC_1027,2722.8,TRANSFER_IN,WIRE,2026-08-07 07:00:00,ACC_1006,US,COMPLETED
TXN_50227,ACC_1013,2867.81,TRANSFER_IN,ACH,2026-08-07 08:00:00,ACC_1023,US,COMPLETED
TXN_50490,ACC_1029,4029.05,TRANSFER_OUT,WIRE,2026-08-07 09:00:00,ACC_1024,DE,COMPLETED
TXN_50068,ACC_1003,617.36,TRANSFER_IN,WIRE,2026-08-07 10:00:00,ACC_1040,PA,COMPLETED
TXN_50345,ACC_1021,390.43,TRANSFER_IN,ACH,2026-08-07 10:00:00,ACC_1034,US,COMPLETED
TXN_50740,ACC_1044,719.36,WITHDRAWAL,WIRE,2026-08-07 10:00:00,,US,COMPLETED
TXN_50330,ACC_1020,2108.8,TRANSFER_IN,CHECK,2026-08-07 11:00:00,ACC_1024,PA,COMPLETED
TXN_50757,ACC_1045,3381.59,WITHDRAWAL,ACH,2026-08-07 13:00:00,,US,COMPLETED
TXN_50238,ACC_1014,3026.9,WITHDRAWAL,ACH,2026-08-07 17:00:00,,US,COMPLETED
TXN_50080,ACC_1004,1150.18,DEPOSIT,ACH,2026-08-07 18:00:00,,US,COMPLETED
TXN_50708,ACC_1041,271.05,DEPOSIT,CASH,2026-08-07 18:00:00,,US,COMPLETED
TXN_50602,ACC_1035,3578.08,WITHDRAWAL,CHECK,2026-08-07 21:00:00,,US,COMPLETED
TXN_50617,ACC_1036,621.69,TRANSFER_OUT,WIRE,2026-08-08 01:00:00,ACC_1029,GB,COMPLETED
TXN_50270,ACC_1016,3444.53,DEPOSIT,WIRE,2026-08-08 02:00:00,,US,COMPLETED
TXN_50581,ACC_1034,133.22,DEPOSIT,WIRE,2026-08-08 02:00:00,,US,COMPLETED
TXN_50043,ACC_1002,716.41,WITHDRAWAL,CHECK,2026-08-08 05:00:00,,US,COMPLETED
TXN_50440,ACC_1026,4490.09,WITHDRAWAL,WIRE,2026-08-08 05:00:00,,US,COMPLETED
TXN_50827,ACC_1049,4066.75,TRANSFER_OUT,ACH,2026-08-08 05:00:00,ACC_1006,DE,COMPLETED
TXN_50198,ACC_1011,352.37,DEPOSIT,ACH,2026-08-08 08:00:00,,US,COMPLETED
TXN_50719,ACC_1043,1712.4,TRANSFER_IN,ACH,2026-08-08 08:00:00,ACC_1032,KY,COMPLETED
TXN_50151,ACC_1008,4333.76,WITHDRAWAL,CASH,2026-08-08 09:00:00,,US,COMPLETED
TXN_50634,ACC_1037,195.58,DEPOSIT,WIRE,2026-08-08 09:00:00,,US,COMPLETED
TXN_50381,ACC_1023,1658.75,DEPOSIT,CHECK,2026-08-08 10:00:00,,US,COMPLETED
TXN_50652,ACC_1038,43.7,WITHDRAWAL,CASH,2026-08-08 10:00:00,,US,COMPLETED
TXN_50846,ACC_1050,3165.95,TRANSFER_IN,WIRE,2026-08-08 11:00:00,ACC_1026,DE,COMPLETED
TXN_50790,ACC_1047,3923.45,WITHDRAWAL,WIRE,2026-08-08 12:00:00,,US,COMPLETED
TXN_50542,ACC_1032,20966.75,TRANSFER_OUT,WIRE,2026-08-08 13:00:00,ACC_1025,US,COMPLETED
TXN_50346,ACC_1021,4057.7,TRANSFER_OUT,CHECK,2026-08-08 14:00:00,ACC_1003,US,COMPLETED
TXN_50116,ACC_1006,3765.09,DEPOSIT,CHECK,2026-08-08 15:00:00,,US,COMPLETED
TXN_50504,ACC_1030,1819.71,TRANSFER_IN,WIRE,2026-08-08 16:00:00,ACC_1004,KY,COMPLETED
TXN_50363,ACC_1022,629.84,WITHDRAWAL,CASH,2026-08-08 17:00:00,,US,COMPLETED
TXN_50399,ACC_1024,1462.99,TRANSFER_OUT,WIRE,2026-08-08 19:00:00,ACC_1010,CH,COMPLETED
TXN_50776,ACC_1046,2930.07,TRANSFER_OUT,WIRE,2026-08-08 20:00:00,ACC_1031,US,COMPLETED
TXN_50186,ACC_1010,265.42,WITHDRAWAL,WIRE,2026-08-08 22:00:00,,US,COMPLETED
TXN_50420,ACC_1025,611.28,TRANSFER_OUT,CHECK,2026-08-08 22:00:00,ACC_1035,SG,COMPLETED
TXN_50709,ACC_1041,4032.73,TRANSFER_OUT,ACH,2026-08-08 22:00:00,ACC_1008,US,COMPLETED
TXN_50239,ACC_1014,3057.84,WITHDRAWAL,ACH,2026-08-09 03:00:00,,US,COMPLETED
TXN_50476,ACC_1028,4270.57,TRANSFER_OUT,ACH,2026-08-09 03:00:00,ACC_1012,CH,COMPLETED
TXN_50024,ACC_1001,2601.43,TRANSFER_OUT,WIRE,2026-08-09 04:00:00,ACC_1013,US,COMPLETED
TXN_50319,ACC_1019,3480.97,WITHDRAWAL,CHECK,2026-08-09 06:00:00,,US,COMPLETED
TXN_50670,ACC_1039,23142.16,DEPOSIT,CASH,2026-08-09 08:00:00,,US,COMPLETED
TXN_50271,ACC_1016,1691.93,TRANSFER_IN,WIRE,2026-08-09 09:00:00,ACC_1013,CH,COMPLETED
TXN_50216,ACC_1012,3931.05,TRANSFER_OUT,CHECK,2026-08-09 10:00:00,ACC_1036,US,COMPLETED
TXN_50261,ACC_1015,3309.21,TRANSFER_OUT,WIRE,2026-08-09 11:00:00,ACC_1049,GB,COMPLETED
TXN_50228,ACC_1013,3303.58,TRANSFER_IN,WIRE,2026-08-09 12:00:00,ACC_1003,GB,COMPLETED
TXN_50441,ACC_1026,127.12,DEPOSIT,CHECK,2026-08-09 12:00:00,,US,COMPLETED
TXN_50491,ACC_1029,2017.07,TRANSFER_OUT,CHECK,2026-08-09 12:00:00,ACC_1015,CA,COMPLETED
TXN_50285,ACC_1017,374.05,TRANSFER_IN,WIRE,2026-08-09 13:00:00,ACC_1014,US,COMPLETED
TXN_50559,ACC_1033,75.37,WITHDRAWAL,CHECK,2026-08-09 13:00:00,,US,COMPLETED
TXN_50103,ACC_1005,2164.64,DEPOSIT,CHECK,2026-08-09 14:00:00,,US,COMPLETED
TXN_50452,ACC_1027,2320.3,TRANSFER_IN,WIRE,2026-08-09 14:00:00,ACC_1002,DE,COMPLETED
TXN_50741,ACC_1044,431.73,WITHDRAWAL,ACH,2026-08-09 15:00:00,,US,COMPLETED
TXN_50044,ACC_1002,2861.39,TRANSFER_OUT,CHECK,2026-08-09 16:00:00,ACC_1004,US,COMPLETED
TXN_50304,ACC_1018,3931.65,TRANSFER_OUT,CHECK,2026-08-09 16:00:00,ACC_1005,CH,COMPLETED
TXN_50069,ACC_1003,2017.69,TRANSFER_OUT,WIRE,2026-08-09 19:00:00,ACC_1017,US,COMPLETED
TXN_50331,ACC_1020,461.76,TRANSFER_OUT,CHECK,2026-08-09 19:00:00,ACC_1014,GB,COMPLETED
TXN_50692,ACC_1040,485.6,DEPOSIT,CASH,2026-08-09 20:00:00,,US,COMPLETED
TXN_50081,ACC_1004,2932.65,DEPOSIT,ACH,2026-08-09 22:00:00,,US,COMPLETED
TXN_50758,ACC_1045,4079.06,TRANSFER_IN,WIRE,2026-08-09 23:00:00,ACC_1004,CA,COMPLETED
TXN_50777,ACC_1046,1033.7,DEPOSIT,CHECK,2026-08-10 00:00:00,,US,COMPLETED
TXN_50791,ACC_1047,249.87,TRANSFER_OUT,CHECK,2026-08-10 00:00:00,ACC_1041,US,COMPLETED
TXN_50162,ACC_1009,327.37,WITHDRAWAL,WIRE,2026-08-10 03:00:00,,US,COMPLETED
TXN_50603,ACC_1035,2041.04,TRANSFER_IN,ACH,2026-08-10 04:00:00,ACC_1025,SG,COMPLETED
TXN_50582,ACC_1034,4426.23,WITHDRAWAL,ACH,2026-08-10 05:00:00,,US,COMPLETED
TXN_50421,ACC_1025,4295.95,DEPOSIT,ACH,2026-08-10 06:00:00,,US,COMPLETED
TXN_50524,ACC_1031,1016.19,TRANSFER_OUT,CHECK,2026-08-10 08:00:00,ACC_1033,CA,COMPLETED
TXN_50828,ACC_1049,3176.96,TRANSFER_OUT,CHECK,2026-08-10 08:00:00,ACC_1020,GB,COMPLETED
TXN_50618,ACC_1036,2491.49,DEPOSIT,CHECK,2026-08-10 09:00:00,,US,COMPLETED
TXN_50807,ACC_1048,3111.28,DEPOSIT,CHECK,2026-08-10 09:00:00,,US,COMPLETED
TXN_50131,ACC_1007,1749.63,WITHDRAWAL,CASH,2026-08-10 10:00:00,,US,COMPLETED
TXN_50635,ACC_1037,2334.55,DEPOSIT,CHECK,2026-08-10 12:00:00,,US,COMPLETED
TXN_50199,ACC_1011,363.75,DEPOSIT,CASH,2026-08-10 13:00:00,,US,COMPLETED
TXN_50240,ACC_1014,1661.15,DEPOSIT,WIRE,2026-08-10 14:00:00,,US,COMPLETED
TXN_50025,ACC_1001,1951.11,TRANSFER_OUT,ACH,2026-08-10 15:00:00,ACC_1044,SG,COMPLETED
TXN_50305,ACC_1018,3732.91,WITHDRAWAL,WIRE,2026-08-10 17:00:00,,US,COMPLETED
TXN_50320,ACC_1019,2355.2,TRANSFER_IN,ACH,2026-08-10 17:00:00,ACC_1036,CH,COMPLETED
TXN_50364,ACC_1022,4341.29,TRANSFER_IN,WIRE,2026-08-10 20:00:00,ACC_1037,US,COMPLETED
TXN_50847,ACC_1050,966.25,WITHDRAWAL,WIRE,2026-08-10 20:00:00,,US,COMPLETED
TXN_50505,ACC_1030,110.64,TRANSFER_IN,CHECK,2026-08-10 22:00:00,ACC_1018,KY,COMPLETED
TXN_50442,ACC_1026,1705.71,TRANSFER_IN,ACH,2026-08-10 23:00:00,ACC_1014,PA,COMPLETED
TXN_50082,ACC_1004,3779.75,WITHDRAWAL,WIRE,2026-08-11 02:00:00,,US,COMPLETED
TXN_50187,ACC_1010,21711.18,WITHDRAWAL,WIRE,2026-08-11 03:00:00,,US,COMPLETED
TXN_50792,ACC_1047,21950.15,DEPOSIT,CASH,2026-08-11 03:00:00,,US,COMPLETED
TXN_50710,ACC_1041,1127.29,WITHDRAWAL,CASH,2026-08-11 06:00:00,,US,COMPLETED
TXN_50163,ACC_1009,3489.17,DEPOSIT,CHECK,2026-08-11 09:00:00,,US,COMPLETED
TXN_50422,ACC_1025,986.53,TRANSFER_OUT,CHECK,2026-08-11 11:00:00,ACC_1041,PA,COMPLETED
TXN_50759,ACC_1045,2788.48,DEPOSIT,ACH,2026-08-11 11:00:00,,US,COMPLETED
TXN_50132,ACC_1007,2270.26,DEPOSIT,CASH,2026-08-11 13:00:00,,US,COMPLETED
TXN_50477,ACC_1028,1009.61,TRANSFER_OUT,WIRE,2026-08-11 13:00:00,ACC_1022,US,COMPLETED
TXN_50604,ACC_1035,46.43,DEPOSIT,ACH,2026-08-11 13:00:00,,US,COMPLETED
TXN_50720,ACC_1043,2451.45,WITHDRAWAL,CHECK,2026-08-11 13:00:00,,US,COMPLETED
TXN_50152,ACC_1008,424.56,TRANSFER_IN,ACH,2026-08-11 15:00:00,ACC_1030,GB,COMPLETED
TXN_50104,ACC_1005,3703.08,DEPOSIT,ACH,2026-08-11 16:00:00,,US,COMPLETED
TXN_50117,ACC_1006,3438.73,TRANSFER_OUT,CHECK,2026-08-11 16:00:00,ACC_1012,CH,COMPLETED
TXN_50636,ACC_1037,2032.43,TRANSFER_OUT,WIRE,2026-08-11 16:00:00,ACC_1015,DE,COMPLETED
TXN_50653,ACC_1038,414.87,TRANSFER_IN,ACH,2026-08-11 17:00:00,ACC_1039,US,COMPLETED
TXN_50382,ACC_1023,2384.16,TRANSFER_OUT,WIRE,2026-08-11 18:00:00,ACC_1038,US,COMPLETED
TXN_50543,ACC_1032,2145.3,DEPOSIT,CHECK,2026-08-11 18:00:00,,US,COMPLETED
TXN_50619,ACC_1036,900.02,DEPOSIT,ACH,2026-08-11 18:00:00,,US,COMPLETED
TXN_50671,ACC_1039,1433.07,TRANSFER_IN,WIRE,2026-08-11 18:00:00,ACC_1012,PA,COMPLETED
TXN_50347,ACC_1021,4048.92,DEPOSIT,WIRE,2026-08-11 19:00:00,,US,COMPLETED
TXN_50525,ACC_1031,3946.7,DEPOSIT,CASH,2026-08-11 19:00:00,,US,COMPLETED
TXN_50829,ACC_1049,3417.64,DEPOSIT,CASH,2026-08-11 20:00:00,,US,COMPLETED
TXN_50306,ACC_1018,3848.1,WITHDRAWAL,CASH,2026-08-11 23:00:00,,US,COMPLETED
TXN_50453,ACC_1027,3371.39,TRANSFER_OUT,ACH,2026-08-11 23:00:00,ACC_1009,US,COMPLETED
TXN_50400,ACC_1024,2832.6,DEPOSIT,ACH,2026-08-12 00:00:00,,US,COMPLETED
TXN_50693,ACC_1040,1128.34,WITHDRAWAL,WIRE,2026-08-12 00:00:00,,US,COMPLETED
TXN_50332,ACC_1020,224.81,WITHDRAWAL,ACH,2026-08-12 02:00:00,,US,COMPLETED
TXN_50778,ACC_1046,3345.8,WITHDRAWAL,ACH,2026-08-12 04:00:00,,US,COMPLETED
TXN_50443,ACC_1026,2224.29,WITHDRAWAL,CHECK,2026-08-12 06:00:00,,US,COMPLETED
TXN_50164,ACC_1009,2440.17,DEPOSIT,ACH,2026-08-12 12:00:00,,US,COMPLETED
TXN_50492,ACC_1029,697.07,DEPOSIT,ACH,2026-08-12 13:00:00,,US,COMPLETED
TXN_50272,ACC_1016,13781.47,TRANSFER_IN,WIRE,2026-08-12 16:00:00,ACC_1034,KY,COMPLETED
TXN_50229,ACC_1013,3664.52,TRANSFER_OUT,WIRE,2026-08-12 18:00:00,ACC_1041,US,COMPLETED
TXN_50286,ACC_1017,4199.95,WITHDRAWAL,ACH,2026-08-12 18:00:00,,US,COMPLETED
TXN_50808,ACC_1048,2483.97,DEPOSIT,CHECK,2026-08-12 18:00:00,,US,COMPLETED
TXN_50105,ACC_1005,3653.92,DEPOSIT,WIRE,2026-08-12 19:00:00,,US,COMPLETED
TXN_50217,ACC_1012,3833.22,WITHDRAWAL,CHECK,2026-08-12 19:00:00,,US,COMPLETED
TXN_50478,ACC_1028,4421.06,DEPOSIT,CHECK,2026-08-12 19:00:00,,US,COMPLETED
TXN_50262,ACC_1015,495.7,DEPOSIT,CHECK,2026-08-12 20:00:00,,US,COMPLETED
TXN_50742,ACC_1044,3572.21,DEPOSIT,CHECK,2026-08-12 21:00:00,,US,COMPLETED
TXN_50133,ACC_1007,13874.02,WITHDRAWAL,ACH,2026-08-12 22:00:00,,US,COMPLETED
TXN_50560,ACC_1033,3103.32,TRANSFER_OUT,WIRE,2026-08-12 22:00:00,ACC_1031,GB,COMPLETED
TXN_50045,ACC_1002,16336.24,WITHDRAWAL,CHECK,2026-08-12 23:00:00,,US,COMPLETED
TXN_50200,ACC_1011,2503.34,DEPOSIT,CASH,2026-08-12 23:00:00,,US,COMPLETED
TXN_50070,ACC_1003,3450.85,WITHDRAWAL,CHECK,2026-08-13 00:00:00,,US,COMPLETED
TXN_50454,ACC_1027,3740.07,WITHDRAWAL,WIRE,2026-08-13 00:00:00,,US,COMPLETED
TXN_50365,ACC_1022,1275.74,TRANSFER_IN,ACH,2026-08-13 03:00:00,ACC_1037,US,COMPLETED
TXN_50620,ACC_1036,2849.69,TRANSFER_OUT,WIRE,2026-08-13 03:00:00,ACC_1003,PA,COMPLETED
TXN_50444,ACC_1026,4147.31,TRANSFER_OUT,CHECK,2026-08-13 07:00:00,ACC_1030,US,COMPLETED
TXN_50526,ACC_1031,1178.76,WITHDRAWAL,CHECK,2026-08-13 07:00:00,,US,COMPLETED
TXN_50307,ACC_1018,2015.76,WITHDRAWAL,CASH,2026-08-13 08:00:00,,US,COMPLETED
TXN_50583,ACC_1034,933.92,TRANSFER_IN,WIRE,2026-08-13 10:00:00,ACC_1007,CH,COMPLETED
TXN_50793,ACC_1047,23475.14,WITHDRAWAL,WIRE,2026-08-13 11:00:00,,US,COMPLETED
TXN_50188,ACC_1010,3172.45,TRANSFER_IN,ACH,2026-08-13 12:00:00,ACC_1026,US,COMPLETED
TXN_50779,ACC_1046,3904.74,TRANSFER_IN,WIRE,2026-08-13 12:00:00,ACC_1016,DE,COMPLETED
TXN_50083,ACC_1004,532.46,TRANSFER_OUT,CHECK,2026-08-13 13:00:00,ACC_1050,GB,COMPLETED
TXN_50165,ACC_1009,1624.93,TRANSFER_IN,ACH,2026-08-13 13:00:00,ACC_1012,CA,COMPLETED
TXN_50026,ACC_1001,291.54,DEPOSIT,WIRE,2026-08-13 17:00:00,,US,COMPLETED
TXN_50423,ACC_1025,3164.11,WITHDRAWAL,CHECK,2026-08-13 18:00:00,,US,COMPLETED
TXN_50230,ACC_1013,3227.88,DEPOSIT,CHECK,2026-08-13 20:00:00,,US,COMPLETED
TXN_50321,ACC_1019,2824.45,TRANSFER_OUT,ACH,2026-08-13 20:00:00,ACC_1023,SG,COMPLETED
TXN_50348,ACC_1021,4327.38,TRANSFER_OUT,ACH,2026-08-13 20:00:00,ACC_1020,US,COMPLETED
TXN_50241,ACC_1014,4270.73,DEPOSIT,WIRE,2026-08-13 22:00:00,,US,COMPLETED
TXN_50760,ACC_1045,1235.47,TRANSFER_IN,ACH,2026-08-13 22:00:00,ACC_1002,CA,COMPLETED
TXN_50383,ACC_1023,3807.92,TRANSFER_IN,ACH,2026-08-14 00:00:00,ACC_1044,US,COMPLETED
TXN_50672,ACC_1039,1014.98,DEPOSIT,CASH,2026-08-14 01:00:00,,US,COMPLETED
TXN_50721,ACC_1043,2118.41,WITHDRAWAL,ACH,2026-08-14 01:00:00,,US,COMPLETED
TXN_50273,ACC_1016,4021.23,TRANSFER_IN,WIRE,2026-08-14 02:00:00,ACC_1026,CH,COMPLETED
TXN_50118,ACC_1006,3667.82,TRANSFER_OUT,CHECK,2026-08-14 03:00:00,ACC_1027,GB,COMPLETED
TXN_50848,ACC_1050,3798.11,TRANSFER_OUT,WIRE,2026-08-14 03:00:00,ACC_1019,SG,COMPLETED
TXN_50106,ACC_1005,3444.71,WITHDRAWAL,CASH,2026-08-14 04:00:00,,US,COMPLETED
TXN_50544,ACC_1032,472.39,WITHDRAWAL,CASH,2026-08-14 05:00:00,,US,COMPLETED
TXN_50711,ACC_1041,2354.7,TRANSFER_OUT,WIRE,2026-08-14 08:00:00,ACC_1044,CA,COMPLETED
TXN_50401,ACC_1024,3379.11,TRANSFER_IN,WIRE,2026-08-14 09:00:00,ACC_1032,GB,COMPLETED
TXN_50506,ACC_1030,460.01,WITHDRAWAL,CHECK,2026-08-14 09:00:00,,US,COMPLETED
TXN_50743,ACC_1044,3641.37,DEPOSIT,CHECK,2026-08-14 09:00:00,,US,COMPLETED
TXN_50046,ACC_1002,1999.42,DEPOSIT,ACH,2026-08-14 11:00:00,,US,COMPLETED
TXN_50333,ACC_1020,4207.72,TRANSFER_OUT,CHECK,2026-08-14 11:00:00,ACC_1010,US,COMPLETED
TXN_50605,ACC_1035,1622.5,TRANSFER_IN,CHECK,2026-08-14 15:00:00,ACC_1039,US,COMPLETED
TXN_50166,ACC_1009,3342.9,DEPOSIT,CASH,2026-08-14 16:00:00,,US,COMPLETED
TXN_50637,ACC_1037,3579.88,WITHDRAWAL,CHECK,2026-08-14 19:00:00,,US,COMPLETED
TXN_50479,ACC_1028,1208.15,DEPOSIT,CHECK,2026-08-14 20:00:00,,US,COMPLETED
TXN_50027,ACC_1001,2422.56,WITHDRAWAL,CHECK,2026-08-14 21:00:00,,US,COMPLETED
TXN_50231,ACC_1013,3564.17,TRANSFER_IN,CHECK,2026-08-14 21:00:00,ACC_1033,DE,COMPLETED
TXN_50084,ACC_1004,2740.47,DEPOSIT,WIRE,2026-08-14 23:00:00,,US,COMPLETED
TXN_50424,ACC_1025,374.02,WITHDRAWAL,CHECK,2026-08-14 23:00:00,,US,COMPLETED
TXN_50830,ACC_1049,436.26,TRANSFER_OUT,ACH,2026-08-14 23:00:00,ACC_1030,CA,COMPLETED
TXN_50263,ACC_1015,651.13,TRANSFER_OUT,WIRE,2026-08-15 00:00:00,ACC_1016,US,COMPLETED
TXN_50654,ACC_1038,4189.47,TRANSFER_IN,ACH,2026-08-15 00:00:00,ACC_1050,US,COMPLETED
TXN_50809,ACC_1048,3265.3,DEPOSIT,WIRE,2026-08-15 01:00:00,,US,COMPLETED
TXN_50071,ACC_1003,3216.68,TRANSFER_IN,CHECK,2026-08-15 02:00:00,ACC_1035,US,COMPLETED
TXN_50134,ACC_1007,1536.75,DEPOSIT,CHECK,2026-08-15 03:00:00,,US,COMPLETED
TXN_50153,ACC_1008,3032.09,TRANSFER_IN,ACH,2026-08-15 03:00:00,ACC_1044,US,COMPLETED
TXN_50694,ACC_1040,148.0,TRANSFER_IN,WIRE,2026-08-15 03:00:00,ACC_1030,PA,COMPLETED
TXN_50218,ACC_1012,680.12,WITHDRAWAL,CASH,2026-08-15 04:00:00,,US,COMPLETED
TXN_50455,ACC_1027,3094.56,DEPOSIT,CHECK,2026-08-15 06:00:00,,US,COMPLETED
TXN_50849,ACC_1050,71.98,WITHDRAWAL,CASH,2026-08-15 06:00:00,,US,COMPLETED
TXN_50621,ACC_1036,4025.06,WITHDRAWAL,CHECK,2026-08-15 12:00:00,,US,COMPLETED
TXN_50189,ACC_1010,2079.7,TRANSFER_IN,WIRE,2026-08-15 13:00:00,ACC_1037,DE,COMPLETED
TXN_50780,ACC_1046,2743.53,TRANSFER_IN,WIRE,2026-08-15 13:00:00,ACC_1040,CH,COMPLETED
TXN_50545,ACC_1032,3240.07,DEPOSIT,ACH,2026-08-15 14:00:00,,US,COMPLETED
TXN_50308,ACC_1018,278.66,TRANSFER_IN,ACH,2026-08-15 18:00:00,ACC_1026,CA,COMPLETED
TXN_50493,ACC_1029,3640.65,WITHDRAWAL,ACH,2026-08-15 19:00:00,,US,COMPLETED
TXN_50047,ACC_1002,4069.6,TRANSFER_IN,WIRE,2026-08-15 23:00:00,ACC_1028,US,COMPLETED
TXN_50384,ACC_1023,1088.81,TRANSFER_IN,WIRE,2026-08-16 02:00:00,ACC_1033,DE,COMPLETED
TXN_50072,ACC_1003,1056.05,WITHDRAWAL,ACH,2026-08-16 05:00:00,,US,COMPLETED
TXN_50287,ACC_1017,2649.0,WITHDRAWAL,WIRE,2026-08-16 06:00:00,,US,COMPLETED
TXN_50456,ACC_1027,4487.28,TRANSFER_OUT,WIRE,2026-08-16 07:00:00,ACC_1006,GB,COMPLETED
TXN_50638,ACC_1037,3091.45,DEPOSIT,WIRE,2026-08-16 07:00:00,,US,COMPLETED
TXN_50810,ACC_1048,3755.54,TRANSFER_OUT,WIRE,2026-08-16 07:00:00,ACC_1003,SG,COMPLETED
TXN_50445,ACC_1026,2284.32,TRANSFER_OUT,ACH,2026-08-16 09:00:00,ACC_1038,CH,COMPLETED
TXN_50527,ACC_1031,1015.7,TRANSFER_IN,WIRE,2026-08-16 09:00:00,ACC_1022,GB,COMPLETED
TXN_50561,ACC_1033,2893.49,DEPOSIT,ACH,2026-08-16 09:00:00,,US,COMPLETED
TXN_50201,ACC_1011,863.31,WITHDRAWAL,ACH,2026-08-16 10:00:00,,US,COMPLETED
TXN_50673,ACC_1039,165.88,WITHDRAWAL,CASH,2026-08-16 10:00:00,,US,COMPLETED
TXN_50712,ACC_1041,24186.47,DEPOSIT,CHECK,2026-08-16 11:00:00,,US,COMPLETED
TXN_50107,ACC_1005,1352.14,TRANSFER_OUT,CHECK,2026-08-16 12:00:00,ACC_1037,CH,COMPLETED
TXN_50366,ACC_1022,826.07,DEPOSIT,CASH,2026-08-16 12:00:00,,US,COMPLETED
TXN_50119,ACC_1006,488.61,TRANSFER_OUT,WIRE,2026-08-16 14:00:00,ACC_1019,SG,COMPLETED
TXN_50334,ACC_1020,1721.68,TRANSFER_OUT,CHECK,2026-08-16 15:00:00,ACC_1017,KY,COMPLETED
TXN_50744,ACC_1044,1886.02,WITHDRAWAL,ACH,2026-08-16 16:00:00,,US,COMPLETED
TXN_50167,ACC_1009,2319.31,WITHDRAWAL,ACH,2026-08-16 22:00:00,,US,COMPLETED
TXN_50480,ACC_1028,17696.86,TRANSFER_OUT,WIRE,2026-08-16 22:00:00,ACC_1027,KY,COMPLETED
TXN_50584,ACC_1034,2537.24,TRANSFER_OUT,WIRE,2026-08-16 22:00:00,ACC_1033,CA,COMPLETED
TXN_50794,ACC_1047,2151.19,DEPOSIT,ACH,2026-08-16 22:00:00,,US,COMPLETED
TXN_50606,ACC_1035,1728.73,DEPOSIT,CASH,2026-08-16 23:00:00,,US,COMPLETED
TXN_50349,ACC_1021,2558.8,TRANSFER_IN,WIRE,2026-08-17 00:00:00,ACC_1049,US,COMPLETED
TXN_50028,ACC_1001,3937.7,DEPOSIT,ACH,2026-08-17 01:00:00,,US,COMPLETED
TXN_50085,ACC_1004,2612.51,TRANSFER_OUT,WIRE,2026-08-17 01:00:00,ACC_1046,US,COMPLETED
TXN_50322,ACC_1019,3540.4,TRANSFER_OUT,WIRE,2026-08-17 03:00:00,ACC_1010,CA,COMPLETED
TXN_50048,ACC_1002,1653.64,DEPOSIT,CHECK,2026-08-17 04:00:00,,US,COMPLETED
TXN_50154,ACC_1008,2795.57,TRANSFER_IN,WIRE,2026-08-17 04:00:00,ACC_1042,US,COMPLETED
TXN_50242,ACC_1014,1803.19,WITHDRAWAL,ACH,2026-08-17 04:00:00,,US,COMPLETED
TXN_50722,ACC_1043,2033.24,TRANSFER_IN,WIRE,2026-08-17 04:00:00,ACC_1001,SG,COMPLETED
TXN_50219,ACC_1012,1878.74,TRANSFER_IN,WIRE,2026-08-17 05:00:00,ACC_1025,US,COMPLETED
TXN_50761,ACC_1045,1055.64,DEPOSIT,CHECK,2026-08-17 05:00:00,,US,COMPLETED
TXN_50309,ACC_1018,996.2,TRANSFER_OUT,CHECK,2026-08-17 06:00:00,ACC_1045,US,COMPLETED
TXN_50274,ACC_1016,2679.89,TRANSFER_OUT,CHECK,2026-08-17 07:00:00,ACC_1031,US,COMPLETED
TXN_50288,ACC_1017,1871.59,DEPOSIT,WIRE,2026-08-17 08:00:00,,US,COMPLETED
TXN_50457,ACC_1027,4241.42,TRANSFER_OUT,WIRE,2026-08-17 08:00:00,ACC_1032,US,COMPLETED
TXN_50425,ACC_1025,2861.64,DEPOSIT,CHECK,2026-08-17 09:00:00,,US,COMPLETED
TXN_50264,ACC_1015,3250.66,WITHDRAWAL,CASH,2026-08-17 10:00:00,,US,COMPLETED
TXN_50402,ACC_1024,3912.71,DEPOSIT,CASH,2026-08-17 10:00:00,,US,COMPLETED
TXN_50695,ACC_1040,2012.91,WITHDRAWAL,CASH,2026-08-17 12:00:00,,US,COMPLETED
TXN_50811,ACC_1048,716.13,TRANSFER_IN,WIRE,2026-08-17 15:00:00,ACC_1027,US,COMPLETED
TXN_50446,ACC_1026,2987.75,TRANSFER_IN,CHECK,2026-08-17 16:00:00,ACC_1021,DE,COMPLETED
TXN_50622,ACC_1036,4013.64,TRANSFER_IN,WIRE,2026-08-17 16:00:00,ACC_1030,PA,COMPLETED
TXN_50507,ACC_1030,3487.66,TRANSFER_OUT,ACH,2026-08-17 17:00:00,ACC_1013,KY,COMPLETED
TXN_50546,ACC_1032,2748.33,WITHDRAWAL,CHECK,2026-08-17 18:00:00,,US,COMPLETED
TXN_50108,ACC_1005,4321.29,WITHDRAWAL,WIRE,2026-08-17 22:00:00,,US,COMPLETED
TXN_50674,ACC_1039,2341.56,DEPOSIT,ACH,2026-08-17 22:00:00,,US,COMPLETED
TXN_50494,ACC_1029,1895.47,TRANSFER_OUT,WIRE,2026-08-18 04:00:00,ACC_1031,CA,COMPLETED
TXN_50232,ACC_1013,1154.85,WITHDRAWAL,CHECK,2026-08-18 05:00:00,,US,COMPLETED
TXN_50795,ACC_1047,1265.95,WITHDRAWAL,ACH,2026-08-18 07:00:00,,US,COMPLETED
TXN_50607,ACC_1035,1005.0,TRANSFER_IN,WIRE,2026-08-18 08:00:00,ACC_1020,SG,COMPLETED
TXN_50655,ACC_1038,1986.59,TRANSFER_IN,WIRE,2026-08-18 08:00:00,ACC_1003,CH,COMPLETED
TXN_50831,ACC_1049,3201.77,WITHDRAWAL,WIRE,2026-08-18 10:00:00,,US,COMPLETED
TXN_50086,ACC_1004,3113.95,DEPOSIT,CHECK,2026-08-18 11:00:00,,US,COMPLETED
TXN_50073,ACC_1003,1502.35,DEPOSIT,WIRE,2026-08-18 12:00:00,,US,COMPLETED
TXN_50135,ACC_1007,1722.44,TRANSFER_OUT,ACH,2026-08-18 12:00:00,ACC_1040,US,COMPLETED
TXN_50202,ACC_1011,3653.13,DEPOSIT,WIRE,2026-08-18 12:00:00,,US,COMPLETED
TXN_50385,ACC_1023,637.65,WITHDRAWAL,CASH,2026-08-18 12:00:00,,US,COMPLETED
TXN_50850,ACC_1050,4387.89,WITHDRAWAL,CASH,2026-08-18 13:00:00,,US,COMPLETED
TXN_50639,ACC_1037,18795.25,TRANSFER_OUT,WIRE,2026-08-18 14:00:00,ACC_1039,US,COMPLETED
TXN_50049,ACC_1002,1137.89,TRANSFER_OUT,WIRE,2026-08-18 15:00:00,ACC_1016,US,COMPLETED
TXN_50243,ACC_1014,853.5,DEPOSIT,CHECK,2026-08-18 16:00:00,,US,COMPLETED
TXN_50289,ACC_1017,4401.04,TRANSFER_OUT,WIRE,2026-08-18 17:00:00,ACC_1042,US,COMPLETED
TXN_50528,ACC_1031,1337.35,TRANSFER_OUT,ACH,2026-08-18 19:00:00,ACC_1041,CH,COMPLETED
TXN_50713,ACC_1041,1358.68,DEPOSIT,WIRE,2026-08-18 22:00:00,,US,COMPLETED
TXN_50781,ACC_1046,2373.03,DEPOSIT,ACH,2026-08-18 22:00:00,,US,COMPLETED
TXN_50120,ACC_1006,184.4,TRANSFER_IN,CHECK,2026-08-18 23:00:00,ACC_1008,DE,COMPLETED
TXN_50190,ACC_1010,1891.27,DEPOSIT,CHECK,2026-08-19 00:00:00,,US,COMPLETED
TXN_50508,ACC_1030,3339.43,TRANSFER_IN,ACH,2026-08-19 00:00:00,ACC_1033,US,COMPLETED
TXN_50481,ACC_1028,2466.19,TRANSFER_OUT,WIRE,2026-08-19 04:00:00,ACC_1011,KY,COMPLETED
TXN_50323,ACC_1019,3399.78,WITHDRAWAL,CHECK,2026-08-19 06:00:00,,US,COMPLETED
TXN_50220,ACC_1012,146.28,TRANSFER_IN,WIRE,2026-08-19 09:00:00,ACC_1009,US,COMPLETED
TXN_50796,ACC_1047,266.69,WITHDRAWAL,ACH,2026-08-19 10:00:00,,US,COMPLETED
TXN_50495,ACC_1029,4064.44,WITHDRAWAL,ACH,2026-08-19 11:00:00,,US,COMPLETED
TXN_50562,ACC_1033,2284.94,TRANSFER_OUT,WIRE,2026-08-19 12:00:00,ACC_1005,KY,COMPLETED
TXN_50275,ACC_1016,3038.65,TRANSFER_IN,ACH,2026-08-19 13:00:00,ACC_1039,KY,COMPLETED
TXN_50762,ACC_1045,2401.39,TRANSFER_OUT,ACH,2026-08-19 15:00:00,ACC_1003,US,COMPLETED
TXN_50203,ACC_1011,3190.15,WITHDRAWAL,CHECK,2026-08-19 16:00:00,,US,COMPLETED
TXN_50367,ACC_1022,1984.28,DEPOSIT,CASH,2026-08-19 16:00:00,,US,COMPLETED
TXN_50458,ACC_1027,1931.45,WITHDRAWAL,CHECK,2026-08-19 19:00:00,,US,COMPLETED
TXN_50832,ACC_1049,1176.08,WITHDRAWAL,CHECK,2026-08-19 20:00:00,,US,COMPLETED
TXN_50050,ACC_1002,131.04,TRANSFER_IN,WIRE,2026-08-19 22:00:00,ACC_1043,US,COMPLETED
TXN_50640,ACC_1037,4059.2,DEPOSIT,ACH,2026-08-19 22:00:00,,US,COMPLETED
TXN_50136,ACC_1007,3086.11,WITHDRAWAL,ACH,2026-08-19 23:00:00,,US,COMPLETED
TXN_50335,ACC_1020,3333.38,TRANSFER_IN,WIRE,2026-08-20 02:00:00,ACC_1009,PA,COMPLETED
TXN_50714,ACC_1041,2855.43,WITHDRAWAL,CHECK,2026-08-20 02:00:00,,US,COMPLETED
TXN_50745,ACC_1044,1733.54,DEPOSIT,CHECK,2026-08-20 03:00:00,,US,COMPLETED
TXN_50482,ACC_1028,1341.19,DEPOSIT,ACH,2026-08-20 05:00:00,,US,COMPLETED
TXN_50509,ACC_1030,3198.87,DEPOSIT,WIRE,2026-08-20 05:00:00,,US,COMPLETED
TXN_50233,ACC_1013,3898.78,DEPOSIT,CHECK,2026-08-20 06:00:00,,US,COMPLETED
TXN_50310,ACC_1018,4206.93,TRANSFER_OUT,ACH,2026-08-20 07:00:00,ACC_1019,DE,COMPLETED
TXN_50109,ACC_1005,383.72,DEPOSIT,WIRE,2026-08-20 09:00:00,,US,COMPLETED
TXN_50168,ACC_1009,2356.1,DEPOSIT,ACH,2026-08-20 09:00:00,,US,COMPLETED
TXN_50585,ACC_1034,230.47,TRANSFER_OUT,CHECK,2026-08-20 09:00:00,ACC_1036,US,COMPLETED
TXN_50029,ACC_1001,3765.4,WITHDRAWAL,WIRE,2026-08-20 10:00:00,,US,COMPLETED
TXN_50191,ACC_1010,2081.23,TRANSFER_IN,ACH,2026-08-20 10:00:00,ACC_1028,US,COMPLETED
TXN_50723,ACC_1043,3306.79,TRANSFER_IN,WIRE,2026-08-20 11:00:00,ACC_1021,US,COMPLETED
TXN_50155,ACC_1008,4094.06,TRANSFER_OUT,ACH,2026-08-20 12:00:00,ACC_1009,US,COMPLETED
TXN_50350,ACC_1021,371.36,TRANSFER_IN,ACH,2026-08-20 12:00:00,ACC_1007,DE,COMPLETED
TXN_50426,ACC_1025,3290.21,DEPOSIT,WIRE,2026-08-20 16:00:00,,US,COMPLETED
TXN_50265,ACC_1015,2254.44,DEPOSIT,ACH,2026-08-20 18:00:00,,US,COMPLETED
TXN_50623,ACC_1036,1797.6,WITHDRAWAL,WIRE,2026-08-20 18:00:00,,US,COMPLETED
TXN_50074,ACC_1003,4073.68,DEPOSIT,CASH,2026-08-20 19:00:00,,US,COMPLETED
TXN_50812,ACC_1048,2550.94,DEPOSIT,WIRE,2026-08-20 20:00:00,,US,COMPLETED
TXN_50403,ACC_1024,3143.85,TRANSFER_OUT,WIRE,2026-08-20 21:00:00,ACC_1028,US,COMPLETED
TXN_50290,ACC_1017,1298.66,DEPOSIT,WIRE,2026-08-20 23:00:00,,US,COMPLETED
TXN_50696,ACC_1040,2868.61,TRANSFER_IN,CHECK,2026-08-21 00:00:00,ACC_1031,PA,COMPLETED
TXN_50547,ACC_1032,18452.61,WITHDRAWAL,CASH,2026-08-21 01:00:00,,US,COMPLETED
TXN_50851,ACC_1050,2727.84,WITHDRAWAL,CASH,2026-08-21 01:00:00,,US,COMPLETED
TXN_50675,ACC_1039,1719.84,TRANSFER_IN,CHECK,2026-08-21 02:00:00,ACC_1012,PA,COMPLETED
TXN_50244,ACC_1014,2019.3,TRANSFER_IN,WIRE,2026-08-21 04:00:00,ACC_1013,US,COMPLETED
TXN_50447,ACC_1026,1481.61,WITHDRAWAL,ACH,2026-08-21 04:00:00,,US,COMPLETED
TXN_50782,ACC_1046,24945.87,TRANSFER_OUT,ACH,2026-08-21 06:00:00,ACC_1036,DE,COMPLETED
TXN_50510,ACC_1030,3769.66,TRANSFER_OUT,ACH,2026-08-21 09:00:00,ACC_1024,US,COMPLETED
TXN_50311,ACC_1018,3450.91,TRANSFER_OUT,CHECK,2026-08-21 10:00:00,ACC_1025,KY,COMPLETED
TXN_50351,ACC_1021,1545.86,TRANSFER_OUT,CHECK,2026-08-21 14:00:00,ACC_1002,SG,COMPLETED
TXN_50496,ACC_1029,4271.8,WITHDRAWAL,WIRE,2026-08-21 14:00:00,,US,COMPLETED
TXN_50110,ACC_1005,2038.26,TRANSFER_IN,ACH,2026-08-21 16:00:00,ACC_1015,CA,COMPLETED
TXN_50563,ACC_1033,1502.41,WITHDRAWAL,CASH,2026-08-21 16:00:00,,US,COMPLETED
TXN_50156,ACC_1008,4481.75,WITHDRAWAL,WIRE,2026-08-21 17:00:00,,US,COMPLETED
TXN_50192,ACC_1010,2658.14,TRANSFER_OUT,CHECK,2026-08-21 17:00:00,ACC_1048,GB,COMPLETED
TXN_50221,ACC_1012,3138.4,TRANSFER_OUT,WIRE,2026-08-21 17:00:00,ACC_1040,US,COMPLETED
TXN_50656,ACC_1038,3149.05,DEPOSIT,CHECK,2026-08-21 17:00:00,,US,COMPLETED
TXN_50608,ACC_1035,1691.62,WITHDRAWAL,ACH,2026-08-21 19:00:00,,US,COMPLETED
TXN_50087,ACC_1004,3628.77,DEPOSIT,CHECK,2026-08-21 21:00:00,,US,COMPLETED
TXN_50204,ACC_1011,1755.63,DEPOSIT,CHECK,2026-08-21 21:00:00,,US,COMPLETED
TXN_50386,ACC_1023,3126.58,WITHDRAWAL,WIRE,2026-08-21 21:00:00,,US,COMPLETED
TXN_50586,ACC_1034,1146.01,TRANSFER_OUT,WIRE,2026-08-21 21:00:00,ACC_1041,SG,COMPLETED
TXN_50427,ACC_1025,539.62,DEPOSIT,CHECK,2026-08-21 23:00:00,,US,COMPLETED
TXN_50121,ACC_1006,2966.32,TRANSFER_OUT,ACH,2026-08-22 00:00:00,ACC_1013,PA,COMPLETED
TXN_50276,ACC_1016,3527.41,WITHDRAWAL,ACH,2026-08-22 00:00:00,,US,COMPLETED
TXN_50051,ACC_1002,3547.44,DEPOSIT,CASH,2026-08-22 01:00:00,,US,COMPLETED
TXN_50137,ACC_1007,3426.46,DEPOSIT,CASH,2026-08-22 01:00:00,,US,COMPLETED
TXN_50697,ACC_1040,1999.53,TRANSFER_IN,WIRE,2026-08-22 02:00:00,ACC_1020,US,COMPLETED
TXN_50459,ACC_1027,20049.3,WITHDRAWAL,CHECK,2026-08-22 03:00:00,,US,COMPLETED
TXN_50833,ACC_1049,2204.03,DEPOSIT,CHECK,2026-08-22 04:00:00,,US,COMPLETED
TXN_50336,ACC_1020,4127.71,DEPOSIT,ACH,2026-08-22 05:00:00,,US,COMPLETED
TXN_50529,ACC_1031,339.05,DEPOSIT,CASH,2026-08-22 05:00:00,,US,COMPLETED
TXN_50245,ACC_1014,2045.15,TRANSFER_OUT,ACH,2026-08-22 06:00:00,ACC_1044,GB,COMPLETED
TXN_50448,ACC_1026,3514.12,WITHDRAWAL,ACH,2026-08-22 07:00:00,,US,COMPLETED
TXN_50483,ACC_1028,3997.93,DEPOSIT,ACH,2026-08-22 08:00:00,,US,COMPLETED
TXN_50324,ACC_1019,3629.88,TRANSFER_OUT,WIRE,2026-08-22 09:00:00,ACC_1036,PA,COMPLETED
TXN_50641,ACC_1037,603.87,DEPOSIT,CASH,2026-08-22 09:00:00,,US,COMPLETED
TXN_50497,ACC_1029,1916.72,TRANSFER_OUT,WIRE,2026-08-22 15:00:00,ACC_1041,US,COMPLETED
TXN_50169,ACC_1009,1929.71,TRANSFER_OUT,ACH,2026-08-22 16:00:00,ACC_1006,GB,COMPLETED
TXN_50030,ACC_1001,2176.49,DEPOSIT,WIRE,2026-08-22 18:00:00,,US,COMPLETED
TXN_50222,ACC_1012,1166.54,TRANSFER_OUT,ACH,2026-08-22 18:00:00,ACC_1050,CA,COMPLETED
TXN_50075,ACC_1003,4243.48,TRANSFER_OUT,WIRE,2026-08-22 20:00:00,ACC_1035,PA,COMPLETED
TXN_50609,ACC_1035,2585.78,DEPOSIT,CHECK,2026-08-22 20:00:00,,US,COMPLETED
TXN_50763,ACC_1045,1514.39,WITHDRAWAL,ACH,2026-08-22 20:00:00,,US,COMPLETED
TXN_50797,ACC_1047,3774.3,DEPOSIT,ACH,2026-08-22 20:00:00,,US,COMPLETED
TXN_50193,ACC_1010,3510.45,DEPOSIT,WIRE,2026-08-22 23:00:00,,US,COMPLETED
TXN_50368,ACC_1022,643.52,TRANSFER_IN,WIRE,2026-08-23 00:00:00,ACC_1046,DE,COMPLETED
TXN_50404,ACC_1024,1466.44,WITHDRAWAL,CASH,2026-08-23 02:00:00,,US,COMPLETED
TXN_50205,ACC_1011,443.39,TRANSFER_IN,CHECK,2026-08-23 03:00:00,ACC_1047,SG,COMPLETED
TXN_50266,ACC_1015,2068.39,TRANSFER_IN,ACH,2026-08-23 03:00:00,ACC_1004,CA,COMPLETED
TXN_50657,ACC_1038,21.29,TRANSFER_IN,WIRE,2026-08-23 04:00:00,ACC_1023,SG,COMPLETED
TXN_50052,ACC_1002,3678.31,TRANSFER_IN,WIRE,2026-08-23 05:00:00,ACC_1015,US,COMPLETED
TXN_50548,ACC_1032,32.27,DEPOSIT,CASH,2026-08-23 05:00:00,,US,COMPLETED
TXN_50676,ACC_1039,1226.95,TRANSFER_IN,CHECK,2026-08-23 06:00:00,ACC_1012,KY,COMPLETED
TXN_50698,ACC_1040,3672.9,TRANSFER_IN,CHECK,2026-08-23 11:00:00,ACC_1031,PA,COMPLETED
TXN_50138,ACC_1007,16216.87,DEPOSIT,CHECK,2026-08-23 13:00:00,,US,COMPLETED
TXN_50746,ACC_1044,690.12,WITHDRAWAL,WIRE,2026-08-23 13:00:00,,US,COMPLETED
TXN_50511,ACC_1030,3709.31,DEPOSIT,ACH,2026-08-23 15:00:00,,US,COMPLETED
TXN_50325,ACC_1019,1108.01,DEPOSIT,CASH,2026-08-23 16:00:00,,US,COMPLETED
TXN_50337,ACC_1020,13787.39,WITHDRAWAL,ACH,2026-08-23 16:00:00,,US,COMPLETED
TXN_50312,ACC_1018,379.52,WITHDRAWAL,CHECK,2026-08-23 17:00:00,,US,COMPLETED
TXN_50564,ACC_1033,373.16,TRANSFER_OUT,ACH,2026-08-23 20:00:00,ACC_1032,KY,COMPLETED
TXN_50724,ACC_1043,3689.34,TRANSFER_OUT,WIRE,2026-08-23 20:00:00,ACC_1040,CA,COMPLETED
TXN_50624,ACC_1036,2019.07,WITHDRAWAL,CASH,2026-08-23 21:00:00,,US,COMPLETED
TXN_50352,ACC_1021,2217.9,TRANSFER_OUT,WIRE,2026-08-23 22:00:00,ACC_1012,SG,COMPLETED
TXN_50223,ACC_1012,565.88,TRANSFER_OUT,ACH,2026-08-23 23:00:00,ACC_1008,KY,COMPLETED
TXN_50157,ACC_1008,1682.13,TRANSFER_OUT,WIRE,2026-08-24 01:00:00,ACC_1027,SG,COMPLETED
TXN_50387,ACC_1023,648.53,TRANSFER_OUT,ACH,2026-08-24 02:00:00,ACC_1023,US,COMPLETED
TXN_50798,ACC_1047,4471.93,TRANSFER_IN,WIRE,2026-08-24 03:00:00,ACC_1030,CH,COMPLETED
TXN_50549,ACC_1032,3512.28,DEPOSIT,CHECK,2026-08-24 07:00:00,,US,COMPLETED
TXN_50587,ACC_1034,2468.84,WITHDRAWAL,CHECK,2026-08-24 07:00:00,,US,COMPLETED
TXN_50813,ACC_1048,1506.1,TRANSFER_IN,ACH,2026-08-24 07:00:00,ACC_1010,CA,COMPLETED
TXN_50610,ACC_1035,3341.61,WITHDRAWAL,CASH,2026-08-24 08:00:00,,US,COMPLETED
TXN_50122,ACC_1006,3408.87,DEPOSIT,WIRE,2026-08-24 10:00:00,,US,COMPLETED
TXN_50460,ACC_1027,3974.85,DEPOSIT,CHECK,2026-08-24 10:00:00,,US,COMPLETED
TXN_50291,ACC_1017,3259.57,WITHDRAWAL,CASH,2026-08-24 11:00:00,,US,COMPLETED
TXN_50834,ACC_1049,3809.03,TRANSFER_IN,WIRE,2026-08-24 12:00:00,ACC_1033,US,COMPLETED
TXN_50783,ACC_1046,4332.41,TRANSFER_OUT,WIRE,2026-08-24 17:00:00,ACC_1020,CA,COMPLETED
TXN_50484,ACC_1028,4434.04,DEPOSIT,CASH,2026-08-24 18:00:00,,US,COMPLETED
TXN_50031,ACC_1001,4434.18,TRANSFER_OUT,CHECK,2026-08-24 19:00:00,ACC_1028,PA,COMPLETED
TXN_50313,ACC_1018,4467.95,WITHDRAWAL,WIRE,2026-08-24 20:00:00,,US,COMPLETED
TXN_50111,ACC_1005,3169.38,WITHDRAWAL,CHECK,2026-08-24 21:00:00,,US,COMPLETED
TXN_50512,ACC_1030,2209.76,TRANSFER_OUT,CHECK,2026-08-24 21:00:00,ACC_1023,US,COMPLETED
TXN_50699,ACC_1040,4150.96,TRANSFER_OUT,CHECK,2026-08-24 23:00:00,ACC_1001,DE,COMPLETED
TXN_50747,ACC_1044,3297.47,TRANSFER_OUT,ACH,2026-08-25 00:00:00,ACC_1015,DE,COMPLETED
TXN_50369,ACC_1022,2031.82,TRANSFER_OUT,WIRE,2026-08-25 02:00:00,ACC_1035,US,COMPLETED
TXN_50088,ACC_1004,2983.62,TRANSFER_IN,ACH,2026-08-25 04:00:00,ACC_1027,KY,COMPLETED
TXN_50194,ACC_1010,3278.66,WITHDRAWAL,WIRE,2026-08-25 05:00:00,,US,COMPLETED
TXN_50764,ACC_1045,1596.57,WITHDRAWAL,CHECK,2026-08-25 07:00:00,,US,COMPLETED
TXN_50277,ACC_1016,783.89,TRANSFER_OUT,WIRE,2026-08-25 08:00:00,ACC_1044,US,COMPLETED
TXN_50158,ACC_1008,2778.12,TRANSFER_IN,ACH,2026-08-25 09:00:00,ACC_1045,GB,COMPLETED
TXN_50530,ACC_1031,1870.72,WITHDRAWAL,WIRE,2026-08-25 10:00:00,,US,COMPLETED
TXN_50677,ACC_1039,1897.54,TRANSFER_IN,WIRE,2026-08-25 10:00:00,ACC_1018,KY,COMPLETED
TXN_50428,ACC_1025,2968.07,DEPOSIT,WIRE,2026-08-25 11:00:00,,US,COMPLETED
TXN_50658,ACC_1038,2645.64,DEPOSIT,ACH,2026-08-25 11:00:00,,US,COMPLETED
TXN_50246,ACC_1014,3198.74,TRANSFER_IN,CHECK,2026-08-25 12:00:00,ACC_1011,SG,COMPLETED
TXN_50292,ACC_1017,4487.33,TRANSFER_OUT,WIRE,2026-08-25 12:00:00,ACC_1048,CA,COMPLETED
TXN_50267,ACC_1015,3972.88,TRANSFER_OUT,CHECK,2026-08-25 13:00:00,ACC_1035,US,COMPLETED
TXN_50405,ACC_1024,20140.33,TRANSFER_OUT,ACH,2026-08-25 13:00:00,ACC_1008,US,COMPLETED
TXN_50814,ACC_1048,4426.61,WITHDRAWAL,CASH,2026-08-25 13:00:00,,US,COMPLETED
TXN_50642,ACC_1037,18887.61,WITHDRAWAL,CASH,2026-08-25 16:00:00,,US,COMPLETED
TXN_50139,ACC_1007,1949.48,TRANSFER_OUT,WIRE,2026-08-25 19:00:00,ACC_1011,US,COMPLETED
TXN_50170,ACC_1009,314.26,TRANSFER_IN,WIRE,2026-08-25 19:00:00,ACC_1039,PA,COMPLETED
TXN_50498,ACC_1029,1452.48,DEPOSIT,ACH,2026-08-25 20:00:00,,US,COMPLETED
TXN_50314,ACC_1018,4403.64,TRANSFER_OUT,WIRE,2026-08-25 21:00:00,ACC_1015,US,COMPLETED
TXN_50565,ACC_1033,4413.4,DEPOSIT,ACH,2026-08-25 22:00:00,,US,COMPLETED
TXN_50625,ACC_1036,1000.31,DEPOSIT,CHECK,2026-08-25 22:00:00,,US,COMPLETED
TXN_50076,ACC_1003,2207.27,TRANSFER_OUT,ACH,2026-08-26 00:00:00,ACC_1025,GB,COMPLETED
TXN_50725,ACC_1043,2891.25,DEPOSIT,ACH,2026-08-26 03:00:00,,US,COMPLETED
TXN_50799,ACC_1047,437.21,TRANSFER_IN,WIRE,2026-08-26 04:00:00,ACC_1005,DE,COMPLETED
TXN_50388,ACC_1023,894.18,TRANSFER_OUT,WIRE,2026-08-26 05:00:00,ACC_1044,KY,COMPLETED
TXN_50206,ACC_1011,1513.46,WITHDRAWAL,CHECK,2026-08-26 06:00:00,,US,COMPLETED
TXN_50053,ACC_1002,1805.13,DEPOSIT,CHECK,2026-08-26 09:00:00,,US,COMPLETED
TXN_50588,ACC_1034,4425.87,WITHDRAWAL,ACH,2026-08-26 10:00:00,,US,COMPLETED
TXN_50089,ACC_1004,4324.33,TRANSFER_OUT,WIRE,2026-08-26 11:00:00,ACC_1028,US,COMPLETED
TXN_50293,ACC_1017,1356.8,TRANSFER_IN,CHECK,2026-08-26 13:00:00,ACC_1030,SG,COMPLETED
TXN_50461,ACC_1027,1898.17,WITHDRAWAL,ACH,2026-08-26 13:00:00,,US,COMPLETED
TXN_50531,ACC_1031,1853.18,TRANSFER_OUT,WIRE,2026-08-26 16:00:00,ACC_1021,US,COMPLETED
TXN_50247,ACC_1014,2299.23,WITHDRAWAL,WIRE,2026-08-26 18:00:00,,US,COMPLETED
TXN_50278,ACC_1016,4267.96,DEPOSIT,CASH,2026-08-26 18:00:00,,US,COMPLETED
TXN_50765,ACC_1045,1174.4,DEPOSIT,CHECK,2026-08-26 18:00:00,,US,COMPLETED
TXN_50123,ACC_1006,606.94,TRANSFER_OUT,ACH,2026-08-26 19:00:00,ACC_1002,SG,COMPLETED
TXN_50338,ACC_1020,60.95,TRANSFER_IN,ACH,2026-08-26 19:00:00,ACC_1040,SG,COMPLETED
TXN_50678,ACC_1039,607.5,WITHDRAWAL,ACH,2026-08-26 20:00:00,,US,COMPLETED
TXN_50784,ACC_1046,1912.63,DEPOSIT,WIRE,2026-08-26 20:00:00,,US,COMPLETED
TXN_50815,ACC_1048,543.46,TRANSFER_IN,CHECK,2026-08-26 23:00:00,ACC_1046,US,COMPLETED
TXN_50835,ACC_1049,3589.47,DEPOSIT,CHECK,2026-08-27 00:00:00,,US,COMPLETED
TXN_50140,ACC_1007,3921.36,WITHDRAWAL,CASH,2026-08-27 05:00:00,,US,COMPLETED
TXN_50726,ACC_1043,3933.25,TRANSFER_OUT,WIRE,2026-08-27 06:00:00,ACC_1007,US,COMPLETED
TXN_50748,ACC_1044,683.1,TRANSFER_OUT,ACH,2026-08-27 07:00:00,ACC_1036,DE,COMPLETED
TXN_50353,ACC_1021,1722.73,TRANSFER_IN,WIRE,2026-08-27 09:00:00,ACC_1046,US,COMPLETED
TXN_50513,ACC_1030,3742.3,DEPOSIT,CASH,2026-08-27 09:00:00,,US,COMPLETED
TXN_50700,ACC_1040,16857.37,TRANSFER_OUT,WIRE,2026-08-27 09:00:00,ACC_1026,US,COMPLETED
TXN_50550,ACC_1032,2066.25,TRANSFER_IN,WIRE,2026-08-27 11:00:00,ACC_1004,US,COMPLETED
TXN_50370,ACC_1022,4031.85,DEPOSIT,ACH,2026-08-27 14:00:00,,US,COMPLETED
TXN_50611,ACC_1035,658.2,TRANSFER_IN,WIRE,2026-08-27 17:00:00,ACC_1008,US,COMPLETED
TXN_50406,ACC_1024,23.03,WITHDRAWAL,WIRE,2026-08-27 21:00:00,,US,COMPLETED
TXN_50485,ACC_1028,2740.78,DEPOSIT,ACH,2026-08-27 21:00:00,,US,COMPLETED
TXN_50766,ACC_1045,1551.2,WITHDRAWAL,ACH,2026-08-27 21:00:00,,US,COMPLETED
TXN_50643,ACC_1037,2658.94,DEPOSIT,CASH,2026-08-27 22:00:00,,US,COMPLETED
TXN_50532,ACC_1031,1510.18,TRANSFER_IN,ACH,2026-08-28 00:00:00,ACC_1001,KY,COMPLETED
TXN_50248,ACC_1014,137.75,TRANSFER_IN,WIRE,2026-08-28 02:00:00,ACC_1036,US,COMPLETED
TXN_50626,ACC_1036,211.78,TRANSFER_IN,WIRE,2026-08-28 02:00:00,ACC_1031,KY,COMPLETED
TXN_50171,ACC_1009,2284.87,DEPOSIT,WIRE,2026-08-28 03:00:00,,US,COMPLETED
TXN_50315,ACC_1018,714.94,DEPOSIT,ACH,2026-08-28 03:00:00,,US,COMPLETED
TXN_50499,ACC_1029,1800.15,TRANSFER_IN,WIRE,2026-08-28 05:00:00,ACC_1001,CH,COMPLETED
TXN_50566,ACC_1033,180.53,DEPOSIT,CHECK,2026-08-28 05:00:00,,US,COMPLETED
TXN_50032,ACC_1001,2200.29,WITHDRAWAL,ACH,2026-08-28 07:00:00,,US,COMPLETED
TXN_50589,ACC_1034,1939.72,WITHDRAWAL,WIRE,2026-08-28 11:00:00,,US,COMPLETED
TXN_50429,ACC_1025,753.97,TRANSFER_IN,WIRE,2026-08-28 12:00:00,ACC_1024,US,COMPLETED
TXN_50514,ACC_1030,3845.12,WITHDRAWAL,WIRE,2026-08-28 12:00:00,,US,COMPLETED
TXN_50551,ACC_1032,3838.07,TRANSFER_IN,WIRE,2026-08-28 12:00:00,ACC_1048,US,COMPLETED
TXN_50354,ACC_1021,710.91,WITHDRAWAL,CASH,2026-08-28 14:00:00,,US,COMPLETED
TXN_50659,ACC_1038,3273.1,TRANSFER_IN,CHECK,2026-08-28 16:00:00,ACC_1018,US,COMPLETED
TXN_50207,ACC_1011,3149.19,DEPOSIT,CHECK,2026-08-28 17:00:00,,US,COMPLETED
TXN_50389,ACC_1023,3782.72,DEPOSIT,ACH,2026-08-28 17:00:00,,US,COMPLETED
TXN_50054,ACC_1002,2302.14,TRANSFER_IN,ACH,2026-08-28 20:00:00,ACC_1008,CA,COMPLETED
TXN_50701,ACC_1040,3322.29,TRANSFER_OUT,WIRE,2026-08-28 21:00:00,ACC_1017,US,COMPLETED
TXN_50279,ACC_1016,698.41,TRANSFER_OUT,WIRE,2026-08-29 01:00:00,ACC_1048,US,COMPLETED
TXN_50371,ACC_1022,2997.83,DEPOSIT,CASH,2026-08-29 01:00:00,,US,COMPLETED
TXN_50462,ACC_1027,1628.82,TRANSFER_OUT,CHECK,2026-08-29 01:00:00,ACC_1037,PA,COMPLETED
TXN_50627,ACC_1036,4413.04,TRANSFER_IN,CHECK,2026-08-29 03:00:00,ACC_1038,PA,COMPLETED
TXN_50644,ACC_1037,2157.59,DEPOSIT,CHECK,2026-08-29 03:00:00,,US,COMPLETED
TXN_50800,ACC_1047,1331.89,TRANSFER_IN,CHECK,2026-08-29 06:00:00,ACC_1034,DE,COMPLETED
TXN_50816,ACC_1048,408.85,TRANSFER_IN,WIRE,2026-08-29 06:00:00,ACC_1020,US,COMPLETED
TXN_50785,ACC_1046,2043.61,DEPOSIT,WIRE,2026-08-29 07:00:00,,US,COMPLETED
TXN_50749,ACC_1044,1805.4,WITHDRAWAL,WIRE,2026-08-29 09:00:00,,US,COMPLETED
TXN_50552,ACC_1032,63.33,WITHDRAWAL,CHECK,2026-08-29 13:00:00,,US,COMPLETED
TXN_50090,ACC_1004,4345.32,TRANSFER_OUT,WIRE,2026-08-29 20:00:00,ACC_1028,CH,COMPLETED
TXN_50294,ACC_1017,2232.73,TRANSFER_OUT,CHECK,2026-08-29 22:00:00,ACC_1013,US,COMPLETED
TXN_50390,ACC_1023,166.47,TRANSFER_IN,WIRE,2026-08-29 22:00:00,ACC_1050,KY,COMPLETED
TXN_50124,ACC_1006,3199.83,DEPOSIT,CASH,2026-08-29 23:00:00,,US,COMPLETED
TXN_50679,ACC_1039,3622.31,TRANSFER_OUT,WIRE,2026-08-30 01:00:00,ACC_1010,US,COMPLETED
TXN_50533,ACC_1031,3430.15,WITHDRAWAL,CASH,2026-08-30 04:00:00,,US,COMPLETED
TXN_50339,ACC_1020,4109.13,DEPOSIT,ACH,2026-08-30 05:00:00,,US,COMPLETED
TXN_50055,ACC_1002,4332.15,DEPOSIT,CASH,2026-08-30 06:00:00,,US,COMPLETED
TXN_50141,ACC_1007,1060.2,TRANSFER_OUT,CHECK,2026-08-30 08:00:00,ACC_1043,US,COMPLETED
TXN_50836,ACC_1049,1815.66,WITHDRAWAL,WIRE,2026-08-30 08:00:00,,US,COMPLETED
TXN_50172,ACC_1009,3998.65,TRANSFER_OUT,WIRE,2026-08-30 11:00:00,ACC_1027,US,COMPLETED
TXN_50727,ACC_1043,3766.62,TRANSFER_IN,ACH,2026-08-30 17:00:00,ACC_1024,US,COMPLETED
TXN_50355,ACC_1021,16007.48,TRANSFER_IN,CHECK,2026-08-30 20:00:00,ACC_1007,US,COMPLETED
TXN_50407,ACC_1024,732.22,TRANSFER_IN,ACH,2026-08-31 02:00:00,ACC_1042,GB,COMPLETED
TXN_50125,ACC_1006,4465.31,TRANSFER_OUT,ACH,2026-08-31 03:00:00,ACC_1042,US,COMPLETED
TXN_50612,ACC_1035,3838.09,TRANSFER_OUT,ACH,2026-08-31 03:00:00,ACC_1019,SG,COMPLETED
TXN_50249,ACC_1014,314.55,TRANSFER_OUT,WIRE,2026-08-31 04:00:00,ACC_1050,DE,COMPLETED
TXN_50767,ACC_1045,2352.82,WITHDRAWAL,CASH,2026-08-31 04:00:00,,US,COMPLETED
TXN_50534,ACC_1031,2772.87,TRANSFER_OUT,WIRE,2026-08-31 07:00:00,ACC_1031,DE,COMPLETED
TXN_50372,ACC_1022,494.63,WITHDRAWAL,WIRE,2026-08-31 08:00:00,,US,COMPLETED
TXN_50463,ACC_1027,19762.51,DEPOSIT,CHECK,2026-08-31 08:00:00,,US,COMPLETED
TXN_50702,ACC_1040,1093.24,TRANSFER_IN,CHECK,2026-08-31 08:00:00,ACC_1042,PA,COMPLETED
TXN_50500,ACC_1029,3521.95,WITHDRAWAL,WIRE,2026-08-31 14:00:00,,US,COMPLETED
TXN_50567,ACC_1033,946.69,TRANSFER_IN,CHECK,2026-08-31 14:00:00,ACC_1004,US,COMPLETED
TXN_50515,ACC_1030,3056.07,TRANSFER_OUT,ACH,2026-08-31 16:00:00,ACC_1050,SG,COMPLETED
TXN_50590,ACC_1034,45.29,WITHDRAWAL,ACH,2026-08-31 16:00:00,,US,COMPLETED
TXN_50430,ACC_1025,3303.55,DEPOSIT,CHECK,2026-08-31 17:00:00,,US,COMPLETED
TXN_50750,ACC_1044,907.53,WITHDRAWAL,WIRE,2026-08-31 18:00:00,,US,COMPLETED
TXN_50033,ACC_1001,2449.03,DEPOSIT,ACH,2026-08-31 19:00:00,,US,COMPLETED
TXN_50660,ACC_1038,2057.32,DEPOSIT,CHECK,2026-08-31 20:00:00,,US,COMPLETED
TXN_50553,ACC_1032,4298.8,DEPOSIT,CHECK,2026-08-31 21:00:00,,US,COMPLETED
TXN_50356,ACC_1021,1950.79,TRANSFER_OUT,ACH,2026-08-31 23:00:00,ACC_1002,US,COMPLETED
TXN_50208,ACC_1011,2902.85,WITHDRAWAL,ACH,2026-09-01 00:00:00,,US,COMPLETED
TXN_50295,ACC_1017,3295.41,WITHDRAWAL,ACH,2026-09-01 01:00:00,,US,COMPLETED
TXN_50091,ACC_1004,3835.67,DEPOSIT,CHECK,2026-09-01 02:00:00,,US,COMPLETED
TXN_50680,ACC_1039,811.2,TRANSFER_IN,WIRE,2026-09-01 02:00:00,ACC_1020,CA,COMPLETED
TXN_50280,ACC_1016,2343.7,TRANSFER_OUT,WIRE,2026-09-01 04:00:00,ACC_1021,US,COMPLETED
TXN_50628,ACC_1036,1707.43,DEPOSIT,CHECK,2026-09-01 06:00:00,,US,COMPLETED
TXN_50535,ACC_1031,2411.35,DEPOSIT,CHECK,2026-09-01 08:00:00,,US,COMPLETED
TXN_50613,ACC_1035,459.95,TRANSFER_OUT,CHECK,2026-09-01 08:00:00,ACC_1023,US,COMPLETED
TXN_50000,ACC_1042,9450.0,DEPOSIT,CASH,2026-09-01 10:00:00,,US,COMPLETED
TXN_50801,ACC_1047,3137.32,DEPOSIT,ACH,2026-09-01 10:00:00,,US,COMPLETED
TXN_50817,ACC_1048,804.06,DEPOSIT,WIRE,2026-09-01 11:00:00,,US,COMPLETED
TXN_50645,ACC_1037,1850.74,DEPOSIT,ACH,2026-09-01 12:00:00,,US,COMPLETED
TXN_50142,ACC_1007,3055.7,TRANSFER_OUT,CHECK,2026-09-01 13:00:00,ACC_1038,CA,COMPLETED
TXN_50768,ACC_1045,704.32,TRANSFER_IN,WIRE,2026-09-01 14:00:00,ACC_1035,US,COMPLETED
TXN_50837,ACC_1049,315.95,TRANSFER_OUT,WIRE,2026-09-01 15:00:00,ACC_1037,GB,COMPLETED
TXN_50464,ACC_1027,2391.86,WITHDRAWAL,WIRE,2026-09-01 16:00:00,,US,COMPLETED
TXN_50056,ACC_1002,3543.2,DEPOSIT,CASH,2026-09-01 18:00:00,,US,COMPLETED
TXN_50173,ACC_1009,1420.11,WITHDRAWAL,CASH,2026-09-01 18:00:00,,US,COMPLETED
TXN_50786,ACC_1046,2467.9,TRANSFER_IN,WIRE,2026-09-01 19:00:00,ACC_1002,US,COMPLETED
TXN_50751,ACC_1044,1212.83,DEPOSIT,ACH,2026-09-01 20:00:00,,US,COMPLETED
TXN_50591,ACC_1034,2694.02,TRANSFER_IN,WIRE,2026-09-01 22:00:00,ACC_1037,PA,COMPLETED
TXN_50516,ACC_1030,4103.59,DEPOSIT,WIRE,2026-09-02 00:00:00,,US,COMPLETED
TXN_50001,ACC_1042,9800.0,DEPOSIT,CASH,2026-09-02 00:15:00,,US,COMPLETED
TXN_50661,ACC_1038,2287.95,TRANSFER_IN,CHECK,2026-09-02 03:00:00,ACC_1008,PA,COMPLETED
TXN_50408,ACC_1024,1685.86,WITHDRAWAL,ACH,2026-09-02 04:00:00,,US,COMPLETED
TXN_50391,ACC_1023,3481.01,DEPOSIT,ACH,2026-09-02 10:00:00,,US,COMPLETED
TXN_50340,ACC_1020,21388.51,TRANSFER_IN,ACH,2026-09-02 14:00:00,ACC_1033,SG,COMPLETED
TXN_50373,ACC_1022,1772.28,WITHDRAWAL,CHECK,2026-09-02 14:00:00,,US,COMPLETED
TXN_50002,ACC_1042,9120.0,DEPOSIT,CASH,2026-09-02 14:40:00,,US,COMPLETED
TXN_50126,ACC_1006,1327.54,TRANSFER_OUT,WIRE,2026-09-02 15:00:00,ACC_1031,US,COMPLETED
TXN_50703,ACC_1040,862.24,WITHDRAWAL,CHECK,2026-09-02 15:00:00,,US,COMPLETED
TXN_50818,ACC_1048,2286.86,WITHDRAWAL,WIRE,2026-09-02 19:00:00,,US,COMPLETED
TXN_50174,ACC_1009,3746.34,DEPOSIT,CHECK,2026-09-02 20:00:00,,US,COMPLETED
TXN_50465,ACC_1027,2962.75,DEPOSIT,WIRE,2026-09-02 20:00:00,,US,COMPLETED
TXN_50568,ACC_1033,2529.48,TRANSFER_OUT,CHECK,2026-09-02 20:00:00,ACC_1046,KY,COMPLETED
TXN_50431,ACC_1025,2366.87,DEPOSIT,CASH,2026-09-02 22:00:00,,US,COMPLETED
TXN_50554,ACC_1032,529.97,TRANSFER_OUT,CHECK,2026-09-03 00:00:00,ACC_1025,KY,COMPLETED
TXN_50769,ACC_1045,640.82,WITHDRAWAL,WIRE,2026-09-03 01:00:00,,US,COMPLETED
TXN_50003,ACC_1042,9650.0,DEPOSIT,CASH,2026-09-03 04:05:00,,US,COMPLETED
TXN_50728,ACC_1043,337.52,WITHDRAWAL,CASH,2026-09-03 05:00:00,,US,COMPLETED
TXN_50092,ACC_1004,3382.13,TRANSFER_OUT,CHECK,2026-09-03 06:00:00,ACC_1002,KY,COMPLETED
TXN_50250,ACC_1014,581.46,DEPOSIT,CASH,2026-09-03 06:00:00,,US,COMPLETED
TXN_50004,ACC_1042,37500.0,TRANSFER_OUT,WIRE,2026-09-03 06:30:00,SHELL_CORP_KY_8829,KY,COMPLETED
TXN_50357,ACC_1021,436.93,TRANSFER_IN,WIRE,2026-09-03 08:00:00,ACC_1001,CA,COMPLETED
TXN_50005,ACC_1085,9950.0,DEPOSIT,ACH,2026-09-03 09:00:00,,US,COMPLETED
TXN_50629,ACC_1036,2333.35,TRANSFER_IN,WIRE,2026-09-03 10:00:00,ACC_1031,CH,COMPLETED
TXN_50281,ACC_1016,1553.63,TRANSFER_IN,WIRE,2026-09-03 13:00:00,ACC_1013,US,COMPLETED
TXN_50374,ACC_1022,488.38,DEPOSIT,ACH,2026-09-03 22:00:00,,US,COMPLETED
TXN_50569,ACC_1033,3421.75,TRANSFER_IN,CHECK,2026-09-03 22:00:00,ACC_1041,CA,COMPLETED
TXN_50802,ACC_1047,3105.17,TRANSFER_IN,WIRE,2026-09-03 22:00:00,ACC_1039,GB,COMPLETED
TXN_50501,ACC_1029,2630.39,DEPOSIT,ACH,2026-09-04 00:00:00,,US,COMPLETED
TXN_50592,ACC_1034,3532.46,WITHDRAWAL,WIRE,2026-09-04 00:00:00,,US,COMPLETED
TXN_50704,ACC_1040,2059.94,TRANSFER_OUT,WIRE,2026-09-04 02:00:00,ACC_1021,US,COMPLETED
TXN_50034,ACC_1001,2272.77,WITHDRAWAL,ACH,2026-09-04 03:00:00,,US,COMPLETED
TXN_50175,ACC_1009,288.71,TRANSFER_IN,ACH,2026-09-04 05:00:00,ACC_1027,GB,COMPLETED
TXN_50296,ACC_1017,3562.64,WITHDRAWAL,WIRE,2026-09-04 07:00:00,,US,COMPLETED
TXN_50006,ACC_1085,9920.0,DEPOSIT,ACH,2026-09-04 09:00:00,,US,COMPLETED
TXN_50517,ACC_1030,3626.78,TRANSFER_IN,WIRE,2026-09-04 10:00:00,ACC_1025,GB,COMPLETED
TXN_50209,ACC_1011,1916.86,TRANSFER_IN,CHECK,2026-09-04 11:00:00,ACC_1012,US,COMPLETED
TXN_50536,ACC_1031,21536.84,WITHDRAWAL,CHECK,2026-09-04 12:00:00,,US,COMPLETED
TXN_50662,ACC_1038,3662.9,TRANSFER_OUT,WIRE,2026-09-04 12:00:00,ACC_1037,KY,COMPLETED
TXN_50681,ACC_1039,233.74,WITHDRAWAL,ACH,2026-09-04 12:00:00,,US,COMPLETED
TXN_50646,ACC_1037,1700.13,TRANSFER_IN,WIRE,2026-09-04 13:00:00,ACC_1024,US,COMPLETED
TXN_50729,ACC_1043,3608.57,TRANSFER_OUT,CHECK,2026-09-04 13:00:00,ACC_1046,US,COMPLETED
TXN_50409,ACC_1024,1388.68,WITHDRAWAL,CASH,2026-09-04 15:00:00,,US,COMPLETED
TXN_50341,ACC_1020,499.43,WITHDRAWAL,WIRE,2026-09-04 17:00:00,,US,COMPLETED
TXN_50392,ACC_1023,3708.31,DEPOSIT,CASH,2026-09-04 19:00:00,,US,COMPLETED
TXN_50630,ACC_1036,3971.51,WITHDRAWAL,ACH,2026-09-04 19:00:00,,US,COMPLETED
TXN_50143,ACC_1007,3112.6,TRANSFER_IN,WIRE,2026-09-04 20:00:00,ACC_1025,KY,COMPLETED
TXN_50057,ACC_1002,1161.16,DEPOSIT,WIRE,2026-09-04 22:00:00,,US,COMPLETED
TXN_50127,ACC_1006,668.0,WITHDRAWAL,ACH,2026-09-05 00:00:00,,US,COMPLETED
TXN_50752,ACC_1044,1917.46,TRANSFER_IN,CHECK,2026-09-05 03:00:00,ACC_1039,SG,COMPLETED
TXN_50819,ACC_1048,3301.34,TRANSFER_IN,WIRE,2026-09-05 03:00:00,ACC_1050,US,COMPLETED
TXN_50838,ACC_1049,1077.97,DEPOSIT,CASH,2026-09-05 03:00:00,,US,COMPLETED
TXN_50432,ACC_1025,1633.36,WITHDRAWAL,CHECK,2026-09-05 07:00:00,,US,COMPLETED
TXN_50007,ACC_1085,9980.0,DEPOSIT,ACH,2026-09-05 09:00:00,,US,COMPLETED
TXN_50093,ACC_1004,2204.22,TRANSFER_IN,CHECK,2026-09-05 09:00:00,ACC_1018,CH,COMPLETED
TXN_50555,ACC_1032,3989.84,WITHDRAWAL,ACH,2026-09-05 11:00:00,,US,COMPLETED
TXN_50010,ACC_1102,9850.0,DEPOSIT,CASH,2026-09-05 12:00:00,,US,COMPLETED
TXN_50770,ACC_1045,3179.01,WITHDRAWAL,CASH,2026-09-05 13:00:00,,US,COMPLETED
TXN_50011,ACC_1102,9900.0,DEPOSIT,CASH,2026-09-05 14:00:00,,US,COMPLETED
TXN_50358,ACC_1021,3510.68,WITHDRAWAL,WIRE,2026-09-05 15:00:00,,US,COMPLETED
TXN_50012,ACC_1102,9750.0,DEPOSIT,CASH,2026-09-05 17:00:00,,US,COMPLETED
TXN_50251,ACC_1014,2337.77,WITHDRAWAL,WIRE,2026-09-05 17:00:00,,US,COMPLETED
TXN_50682,ACC_1039,2154.9,TRANSFER_OUT,CHECK,2026-09-05 17:00:00,ACC_1017,GB,COMPLETED
TXN_50013,ACC_1102,29000.0,WITHDRAWAL,CASH,2026-09-05 18:00:00,,US,COMPLETED
TXN_50663,ACC_1038,4326.35,TRANSFER_OUT,ACH,2026-09-05 18:00:00,ACC_1031,US,COMPLETED
TXN_50647,ACC_1037,2939.06,TRANSFER_OUT,CHECK,2026-09-05 20:00:00,ACC_1040,CA,COMPLETED
TXN_50144,ACC_1007,1728.51,TRANSFER_IN,CHECK,2026-09-06 00:00:00,ACC_1002,SG,COMPLETED
TXN_50466,ACC_1027,1609.52,WITHDRAWAL,WIRE,2026-09-06 03:00:00,,US,COMPLETED
TXN_50753,ACC_1044,778.26,TRANSFER_OUT,WIRE,2026-09-06 08:00:00,ACC_1029,US,COMPLETED
TXN_50008,ACC_1085,9910.0,DEPOSIT,ACH,2026-09-06 09:00:00,,US,COMPLETED
TXN_50433,ACC_1025,3484.51,DEPOSIT,WIRE,2026-09-06 12:00:00,,US,COMPLETED
TXN_50009,ACC_1085,39500.0,TRANSFER_OUT,WIRE,2026-09-06 13:00:00,PANAMA_GLOBAL_CORP,PA,COMPLETED
TXN_50839,ACC_1049,2690.42,DEPOSIT,CASH,2026-09-06 13:00:00,,US,COMPLETED
TXN_50518,ACC_1030,997.58,TRANSFER_OUT,ACH,2026-09-06 15:00:00,ACC_1001,PA,COMPLETED
TXN_50537,ACC_1031,480.13,TRANSFER_IN,WIRE,2026-09-06 15:00:00,ACC_1005,US,COMPLETED
TXN_50210,ACC_1011,880.18,WITHDRAWAL,ACH,2026-09-06 19:00:00,,US,COMPLETED
TXN_50771,ACC_1045,4199.97,TRANSFER_IN,ACH,2026-09-07 00:00:00,ACC_1036,PA,COMPLETED
TXN_50375,ACC_1022,1580.51,WITHDRAWAL,CASH,2026-09-07 01:00:00,,US,COMPLETED
TXN_50593,ACC_1034,3542.44,TRANSFER_OUT,ACH,2026-09-07 02:00:00,ACC_1023,US,COMPLETED
TXN_50035,ACC_1001,3834.01,DEPOSIT,WIRE,2026-09-07 05:00:00,,US,COMPLETED
TXN_50058,ACC_1002,333.48,TRANSFER_IN,CHECK,2026-09-07 05:00:00,ACC_1043,US,COMPLETED
TXN_50570,ACC_1033,1695.03,WITHDRAWAL,CASH,2026-09-07 07:00:00,,US,COMPLETED
TXN_50176,ACC_1009,3909.05,TRANSFER_IN,CHECK,2026-09-07 12:00:00,ACC_1023,US,COMPLETED
TXN_50754,ACC_1044,3090.41,DEPOSIT,ACH,2026-09-07 12:00:00,,US,COMPLETED
TXN_50467,ACC_1027,1444.66,TRANSFER_IN,ACH,2026-09-07 13:00:00,ACC_1046,GB,COMPLETED
TXN_50410,ACC_1024,18198.49,WITHDRAWAL,WIRE,2026-09-07 17:00:00,,US,COMPLETED
TXN_50297,ACC_1017,4038.75,TRANSFER_IN,ACH,2026-09-07 18:00:00,ACC_1026,SG,COMPLETED
TXN_50730,ACC_1043,2390.01,TRANSFER_IN,ACH,2026-09-07 18:00:00,ACC_1014,PA,COMPLETED
TXN_50840,ACC_1049,4302.36,DEPOSIT,CASH,2026-09-07 18:00:00,,US,COMPLETED
TXN_50664,ACC_1038,1734.38,WITHDRAWAL,WIRE,2026-09-07 20:00:00,,US,COMPLETED
TXN_50252,ACC_1014,4099.99,DEPOSIT,WIRE,2026-09-08 02:00:00,,US,COMPLETED
TXN_50683,ACC_1039,2517.56,TRANSFER_IN,ACH,2026-09-08 02:00:00,ACC_1027,US,COMPLETED
TXN_50145,ACC_1007,56.28,DEPOSIT,CASH,2026-09-08 05:00:00,,US,COMPLETED
TXN_50594,ACC_1034,1506.84,WITHDRAWAL,CASH,2026-09-08 13:00:00,,US,COMPLETED
TXN_50094,ACC_1004,2509.94,WITHDRAWAL,ACH,2026-09-08 14:00:00,,US,COMPLETED
TXN_50820,ACC_1048,4467.39,DEPOSIT,CASH,2026-09-08 14:00:00,,US,COMPLETED
TXN_50571,ACC_1033,3346.45,TRANSFER_IN,WIRE,2026-09-08 19:00:00,ACC_1013,US,COMPLETED
TXN_50538,ACC_1031,2062.55,TRANSFER_IN,WIRE,2026-09-08 20:00:00,ACC_1044,US,COMPLETED
TXN_50731,ACC_1043,3268.77,WITHDRAWAL,WIRE,2026-09-08 20:00:00,,US,COMPLETED
TXN_50211,ACC_1011,2294.45,DEPOSIT,CHECK,2026-09-08 21:00:00,,US,COMPLETED
TXN_50298,ACC_1017,4417.95,WITHDRAWAL,ACH,2026-09-08 21:00:00,,US,COMPLETED
TXN_50359,ACC_1021,779.37,TRANSFER_IN,WIRE,2026-09-08 22:00:00,ACC_1010,US,COMPLETED
TXN_50648,ACC_1037,3402.27,TRANSFER_OUT,WIRE,2026-09-09 03:00:00,ACC_1024,PA,COMPLETED
TXN_50036,ACC_1001,4238.35,DEPOSIT,ACH,2026-09-09 07:00:00,,US,COMPLETED
TXN_50376,ACC_1022,457.35,TRANSFER_OUT,CHECK,2026-09-09 09:00:00,ACC_1005,CA,COMPLETED
TXN_50434,ACC_1025,31.51,DEPOSIT,WIRE,2026-09-09 21:00:00,,US,COMPLETED
TXN_50519,ACC_1030,2535.33,TRANSFER_IN,CHECK,2026-09-09 21:00:00,ACC_1044,US,COMPLETED
TXN_50095,ACC_1004,1840.8,WITHDRAWAL,CASH,2026-09-10 02:00:00,,US,COMPLETED
TXN_50841,ACC_1049,2909.55,WITHDRAWAL,WIRE,2026-09-10 02:00:00,,US,COMPLETED
TXN_50665,ACC_1038,4300.4,DEPOSIT,CHECK,2026-09-10 03:00:00,,US,COMPLETED
TXN_50253,ACC_1014,745.61,WITHDRAWAL,CHECK,2026-09-10 05:00:00,,US,COMPLETED
TXN_50146,ACC_1007,2739.65,WITHDRAWAL,CHECK,2026-09-10 09:00:00,,US,COMPLETED
TXN_50059,ACC_1002,2291.91,TRANSFER_IN,WIRE,2026-09-10 10:00:00,ACC_1045,CA,COMPLETED
TXN_50684,ACC_1039,4334.76,WITHDRAWAL,CHECK,2026-09-10 13:00:00,,US,COMPLETED
TXN_50177,ACC_1009,973.07,WITHDRAWAL,ACH,2026-09-10 21:00:00,,US,COMPLETED
TXN_50377,ACC_1022,535.58,DEPOSIT,WIRE,2026-09-10 21:00:00,,US,COMPLETED
TXN_50468,ACC_1027,656.62,TRANSFER_OUT,CHECK,2026-09-10 23:00:00,ACC_1012,KY,COMPLETED
TXN_50572,ACC_1033,2067.57,TRANSFER_IN,ACH,2026-09-10 23:00:00,ACC_1049,DE,COMPLETED
TXN_50821,ACC_1048,3894.35,TRANSFER_IN,ACH,2026-09-11 02:00:00,ACC_1044,CH,COMPLETED
TXN_50299,ACC_1017,1075.14,TRANSFER_IN,CHECK,2026-09-11 04:00:00,ACC_1038,CH,COMPLETED
TXN_50411,ACC_1024,16466.46,DEPOSIT,CASH,2026-09-11 04:00:00,,US,COMPLETED
TXN_50539,ACC_1031,1629.44,TRANSFER_OUT,ACH,2026-09-11 04:00:00,ACC_1015,US,COMPLETED
TXN_50435,ACC_1025,1650.61,WITHDRAWAL,ACH,2026-09-11 05:00:00,,US,COMPLETED
TXN_50666,ACC_1038,436.68,TRANSFER_IN,ACH,2026-09-11 08:00:00,ACC_1036,US,COMPLETED
TXN_50037,ACC_1001,2634.85,TRANSFER_IN,WIRE,2026-09-11 18:00:00,ACC_1043,GB,COMPLETED
TXN_50520,ACC_1030,1526.55,TRANSFER_IN,CHECK,2026-09-11 23:00:00,ACC_1017,SG,COMPLETED
TXN_50212,ACC_1011,2695.66,WITHDRAWAL,WIRE,2026-09-12 00:00:00,,US,COMPLETED
TXN_50595,ACC_1034,59.44,TRANSFER_OUT,WIRE,2026-09-12 00:00:00,ACC_1042,CH,COMPLETED
TXN_50469,ACC_1027,271.63,DEPOSIT,CASH,2026-09-12 01:00:00,,US,COMPLETED
TXN_50732,ACC_1043,1134.46,WITHDRAWAL,CASH,2026-09-12 07:00:00,,US,COMPLETED
TXN_50822,ACC_1048,18767.51,TRANSFER_IN,ACH,2026-09-12 08:00:00,ACC_1037,CA,COMPLETED
TXN_50300,ACC_1017,2948.5,DEPOSIT,ACH,2026-09-12 09:00:00,,US,COMPLETED
TXN_50573,ACC_1033,3771.85,TRANSFER_OUT,WIRE,2026-09-12 10:00:00,ACC_1043,CH,COMPLETED
TXN_50685,ACC_1039,3035.9,TRANSFER_OUT,ACH,2026-09-12 19:00:00,ACC_1025,CH,COMPLETED
TXN_50038,ACC_1001,1793.12,TRANSFER_IN,WIRE,2026-09-12 23:00:00,ACC_1021,US,COMPLETED
TXN_50178,ACC_1009,1666.67,WITHDRAWAL,CASH,2026-09-13 06:00:00,,US,COMPLETED
TXN_50470,ACC_1027,4132.17,WITHDRAWAL,CHECK,2026-09-13 07:00:00,,US,COMPLETED
TXN_50254,ACC_1014,3809.78,TRANSFER_IN,WIRE,2026-09-13 10:00:00,ACC_1041,CA,COMPLETED
TXN_50060,ACC_1002,879.44,TRANSFER_OUT,WIRE,2026-09-13 13:00:00,ACC_1040,CH,COMPLETED
TXN_50096,ACC_1004,2218.88,DEPOSIT,CHECK,2026-09-13 14:00:00,,US,COMPLETED
TXN_50147,ACC_1007,3458.27,WITHDRAWAL,ACH,2026-09-13 21:00:00,,US,COMPLETED
TXN_50039,ACC_1001,2802.79,DEPOSIT,ACH,2026-09-14 07:00:00,,US,COMPLETED
TXN_50412,ACC_1024,2160.1,DEPOSIT,ACH,2026-09-14 07:00:00,,US,COMPLETED
TXN_50436,ACC_1025,3338.18,TRANSFER_IN,WIRE,2026-09-14 17:00:00,ACC_1027,GB,COMPLETED
TXN_50097,ACC_1004,3119.21,TRANSFER_IN,WIRE,2026-09-14 21:00:00,ACC_1036,PA,COMPLETED
TXN_50686,ACC_1039,2850.07,WITHDRAWAL,CHECK,2026-09-15 03:00:00,,US,COMPLETED
TXN_50596,ACC_1034,4315.86,TRANSFER_IN,WIRE,2026-09-15 04:00:00,ACC_1008,DE,COMPLETED
TXN_50733,ACC_1043,3452.95,TRANSFER_OUT,WIRE,2026-09-15 09:00:00,ACC_1007,US,COMPLETED
TXN_50823,ACC_1048,1457.54,TRANSFER_IN,CHECK,2026-09-15 12:00:00,ACC_1050,KY,COMPLETED
TXN_50413,ACC_1024,1666.68,TRANSFER_OUT,WIRE,2026-09-15 13:00:00,ACC_1042,SG,COMPLETED
TXN_50574,ACC_1033,21570.78,TRANSFER_OUT,WIRE,2026-09-15 13:00:00,ACC_1033,US,COMPLETED
TXN_50061,ACC_1002,15729.88,TRANSFER_OUT,CHECK,2026-09-15 20:00:00,ACC_1030,KY,COMPLETED
TXN_50471,ACC_1027,4136.14,TRANSFER_IN,ACH,2026-09-16 10:00:00,ACC_1002,US,COMPLETED
TXN_50414,ACC_1024,20450.26,TRANSFER_OUT,CHECK,2026-09-16 15:00:00,ACC_1047,US,COMPLETED
TXN_50179,ACC_1009,2768.81,DEPOSIT,CHECK,2026-09-16 16:00:00,,US,COMPLETED
TXN_50734,ACC_1043,1818.98,WITHDRAWAL,CASH,2026-09-16 18:00:00,,US,COMPLETED
TXN_50255,ACC_1014,438.56,WITHDRAWAL,WIRE,2026-09-16 19:00:00,,US,COMPLETED
TXN_50437,ACC_1025,2580.48,DEPOSIT,WIRE,2026-09-16 19:00:00,,US,COMPLETED
TXN_50098,ACC_1004,4484.91,TRANSFER_IN,WIRE,2026-09-17 04:00:00,ACC_1018,CA,COMPLETED
TXN_50040,ACC_1001,2286.36,TRANSFER_IN,ACH,2026-09-17 11:00:00,ACC_1016,GB,COMPLETED
TXN_50597,ACC_1034,18719.28,TRANSFER_IN,WIRE,2026-09-17 13:00:00,ACC_1032,US,COMPLETED
TXN_50687,ACC_1039,2763.15,DEPOSIT,ACH,2026-09-17 14:00:00,,US,COMPLETED
TXN_50180,ACC_1009,1244.25,TRANSFER_IN,CHECK,2026-09-17 19:00:00,ACC_1001,US,COMPLETED
TXN_50062,ACC_1002,977.38,WITHDRAWAL,ACH,2026-09-18 07:00:00,,US,COMPLETED
TXN_50575,ACC_1033,797.95,DEPOSIT,CASH,2026-09-18 23:00:00,,US,COMPLETED
TXN_50735,ACC_1043,2484.36,TRANSFER_IN,WIRE,2026-09-19 00:00:00,ACC_1049,SG,COMPLETED
TXN_50181,ACC_1009,2964.9,DEPOSIT,ACH,2026-09-19 05:00:00,,US,COMPLETED
TXN_50472,ACC_1027,4129.16,TRANSFER_IN,ACH,2026-09-19 22:00:00,ACC_1024,SG,COMPLETED
TXN_50415,ACC_1024,698.16,TRANSFER_OUT,WIRE,2026-09-20 03:00:00,ACC_1006,US,COMPLETED
TXN_50256,ACC_1014,3248.43,DEPOSIT,ACH,2026-09-20 05:00:00,,US,COMPLETED
TXN_50063,ACC_1002,2994.07,DEPOSIT,WIRE,2026-09-20 16:00:00,,US,COMPLETED
TXN_50257,ACC_1014,4269.49,TRANSFER_IN,WIRE,2026-09-21 06:00:00,ACC_1050,CH,COMPLETED
TXN_50736,ACC_1043,1469.06,WITHDRAWAL,CASH,2026-09-21 12:00:00,,US,COMPLETED
TXN_50576,ACC_1033,2735.6,TRANSFER_OUT,WIRE,2026-09-22 09:00:00,ACC_1039,US,COMPLETED
TXN_50182,ACC_1009,983.8,TRANSFER_IN,WIRE,2026-09-22 14:00:00,ACC_1024,CA,COMPLETED
TXN_50064,ACC_1002,1026.39,DEPOSIT,ACH,2026-09-23 21:00:00,,US,COMPLETED
TXN_50577,ACC_1033,4336.9,TRANSFER_OUT,WIRE,2026-09-24 16:00:00,ACC_1009,DE,COMPLETED
TXN_50578,ACC_1033,3991.24,TRANSFER_IN,WIRE,2026-09-28 04:00:00,ACC_1013,US,COMPLETED
